split,label,source_folder,source_path,dataset_path,dataset_rel_path,sha256,width,height,image_format
test,healthy,healthy_stray_dogs,/Users/saber/Desktop/PI DEV/integration-final/python/data/healthy_stray_dogs/106.jpg,/Users/saber/Desktop/PI DEV/integration-final/python/data/health_dataset/test/healthy/106_c2fc6b69936b.jpg,test/healthy/106_c2fc6b69936b.jpg,c2fc6b69936bbaf5da6a55f1d3d3becc7c62bc2b21e580743c80b88e70727150,750,499,JPEG
test,healthy,healthy_stray_dogs,/Users/saber/Desktop/PI DEV/integration-final/python/data/healthy_stray_dogs/107.jpg,/Users/saber/Desktop/PI DEV/integration-final/python/data/health_dataset/test/healthy/107_1d3a9f833445.jpg,test/healthy/107_1d3a9f833445.jpg,1d3a9f833445e540dd7fc870900671f5defcc55fedf385aa18a420c936200d5b,1600,1066,JPEG
test,healthy,healthy_stray_dogs,/Users/saber/Desktop/PI DEV/integration-final/python/data/healthy_stray_dogs/108.jpg,/Users/saber/Desktop/PI DEV/integration-final/python/data/health_dataset/test/healthy/108_2fd5e241f7af.jpg,test/healthy/108_2fd5e241f7af.jpg,2fd5e241f7af033733031adae26742625a3c9d68ac9a3f0d7e59c1020a3ba60b,1920,1200,JPEG
test,healthy,healthy_stray_dogs,/Users/saber/Desktop/PI DEV/integration-final/python/data/healthy_stray_dogs/130.jpg,/Users/saber/Desktop/PI DEV/integration-final/python/data/health_dataset/test/healthy/130_abeaa6be1895.jpg,test/healthy/130_abeaa6be1895.jpg,abeaa6be18959eaa49920fcee559a08a7bc17331df4e37617acbdf67b5ef415a,2970,1134,WEBP
test,healthy,healthy_stray_dogs,/Users/saber/Desktop/PI DEV/integration-final/python/data/healthy_stray_dogs/134.jpg,/Users/saber/Desktop/PI DEV/integration-final/python/data/health_dataset/test/healthy/134_7cc8449e7e27.jpg,test/healthy/134_7cc8449e7e27.jpg,7cc8449e7e27511f486bb6c9850578ee659b3dcf74c0cad6eda4ffe8d892aebe,1024,768,JPEG
test,healthy,healthy_stray_dogs,/Users/saber/Desktop/PI DEV/integration-final/python/data/healthy_stray_dogs/138.jpg,/Users/saber/Desktop/PI DEV/integration-final/python/data/health_dataset/test/healthy/138_c75c3ee477f7.jpg,test/healthy/138_c75c3ee477f7.jpg,c75c3ee477f7d0028b1b338a700ab0d2b30db102f8075712dd87f58d9f14c022,1200,800,JPEG
test,healthy,healthy_stray_dogs,/Users/saber/Desktop/PI DEV/integration-final/python/data/healthy_stray_dogs/13.jpg,/Users/saber/Desktop/PI DEV/integration-final/python/data/health_dataset/test/healthy/13_9f4ceba91a9b.jpg,test/healthy/13_9f4ceba91a9b.jpg,9f4ceba91a9bec3a7c938662acb70fe480a89cace65b4099b8abd742f5c2db2d,1300,956,JPEG
test,healthy,healthy_stray_dogs,/Users/saber/Desktop/PI DEV/integration-final/python/data/healthy_stray_dogs/149.jpg,/Users/saber/Desktop/PI DEV/integration-final/python/data/health_dataset/test/healthy/149_b4e0b3dae370.jpg,test/healthy/149_b4e0b3dae370.jpg,b4e0b3dae370b41f4efe048f195688786eb2ac42bedff893c43888614ef1ff4a,1920,1080,JPEG
test,healthy,healthy_stray_dogs,/Users/saber/Desktop/PI DEV/integration-final/python/data/healthy_stray_dogs/153.jpg,/Users/saber/Desktop/PI DEV/integration-final/python/data/health_dataset/test/healthy/153_09b2129cf47e.jpg,test/healthy/153_09b2129cf47e.jpg,09b2129cf47ed660cab2e0c780b2f1cee69793179379096c5d417de6a06852e2,1278,1920,JPEG
test,healthy,healthy_stray_dogs,/Users/saber/Desktop/PI DEV/integration-final/python/data/healthy_stray_dogs/164.jpg,/Users/saber/Desktop/PI DEV/integration-final/python/data/health_dataset/test/healthy/164_ad2b1af18607.jpg,test/healthy/164_ad2b1af18607.jpg,ad2b1af1860786ab41b1d7768bf04bd5d6f105a9fd4798e7c1fb9d339cdbc51d,1024,682,JPEG
test,healthy,healthy_stray_dogs,/Users/saber/Desktop/PI DEV/integration-final/python/data/healthy_stray_dogs/169.jpg,/Users/saber/Desktop/PI DEV/integration-final/python/data/health_dataset/test/healthy/169_8e03b768304f.jpg,test/healthy/169_8e03b768304f.jpg,8e03b768304f70bc32727f06b4d830979885cba7e6c56788e87fe87a540f853a,1920,1080,PNG
test,healthy,healthy_stray_dogs,/Users/saber/Desktop/PI DEV/integration-final/python/data/healthy_stray_dogs/170.jpg,/Users/saber/Desktop/PI DEV/integration-final/python/data/health_dataset/test/healthy/170_c544f12f3b37.jpg,test/healthy/170_c544f12f3b37.jpg,c544f12f3b37de3655ed324250c4b63071d98a08a656195fcedbb10f2669597c,1414,908,JPEG
test,healthy,healthy_stray_dogs,/Users/saber/Desktop/PI DEV/integration-final/python/data/healthy_stray_dogs/173.jpg,/Users/saber/Desktop/PI DEV/integration-final/python/data/health_dataset/test/healthy/173_98ed703117bf.jpg,test/healthy/173_98ed703117bf.jpg,98ed703117bfe3f260d65ef6a305e86157bac7d56f71f46313ea8641d7ea2da4,840,472,JPEG
test,healthy,healthy_stray_dogs,/Users/saber/Desktop/PI DEV/integration-final/python/data/healthy_stray_dogs/176.jpg,/Users/saber/Desktop/PI DEV/integration-final/python/data/health_dataset/test/healthy/176_3981913c36b5.jpg,test/healthy/176_3981913c36b5.jpg,3981913c36b53d184726eb751787913ab59ebc89ec68b690eeebc257b360f940,686,386,JPEG
test,healthy,healthy_stray_dogs,/Users/saber/Desktop/PI DEV/integration-final/python/data/healthy_stray_dogs/17.jpg,/Users/saber/Desktop/PI DEV/integration-final/python/data/health_dataset/test/healthy/17_78a3563866f7.jpg,test/healthy/17_78a3563866f7.jpg,78a3563866f772cfc1a02a302e8adaf6620d78a4c57118a514128e6e70a1281f,800,800,JPEG
test,healthy,healthy_stray_dogs,/Users/saber/Desktop/PI DEV/integration-final/python/data/healthy_stray_dogs/187.jpg,/Users/saber/Desktop/PI DEV/integration-final/python/data/health_dataset/test/healthy/187_a72847d41525.jpg,test/healthy/187_a72847d41525.jpg,a72847d41525c70427cf0aaea37a377393269bbb895cd8d460e7d992e190109e,1280,736,JPEG
test,healthy,healthy_stray_dogs,/Users/saber/Desktop/PI DEV/integration-final/python/data/healthy_stray_dogs/188.jpg,/Users/saber/Desktop/PI DEV/integration-final/python/data/health_dataset/test/healthy/188_70fcd80fbd28.jpg,test/healthy/188_70fcd80fbd28.jpg,70fcd80fbd2846acc84ccc9f53f87e02b59894321c43907b2db69b2039a6cdf3,1200,700,JPEG
test,healthy,healthy_stray_dogs,/Users/saber/Desktop/PI DEV/integration-final/python/data/healthy_stray_dogs/1.jpg,/Users/saber/Desktop/PI DEV/integration-final/python/data/health_dataset/test/healthy/1_d185de62d7b7.jpg,test/healthy/1_d185de62d7b7.jpg,d185de62d7b79f9fbb6b460da9586bb7e4bf3bd3b84db738f7f565da149549c7,800,800,JPEG
test,healthy,healthy_stray_dogs,/Users/saber/Desktop/PI DEV/integration-final/python/data/healthy_stray_dogs/46.jpg,/Users/saber/Desktop/PI DEV/integration-final/python/data/health_dataset/test/healthy/46_78766305475c.jpg,test/healthy/46_78766305475c.jpg,78766305475cb634886e989ce5d0bae87fd656cac1a96871f047339ddbae053a,1000,666,JPEG
test,healthy,healthy_stray_dogs,/Users/saber/Desktop/PI DEV/integration-final/python/data/healthy_stray_dogs/47.jpg,/Users/saber/Desktop/PI DEV/integration-final/python/data/health_dataset/test/healthy/47_8685d8275b69.jpg,test/healthy/47_8685d8275b69.jpg,8685d8275b69dd10ace7882943b74ad1c5e1cbd6cbbec57bda73ce762ce27431,390,280,JPEG
test,healthy,healthy_stray_dogs,/Users/saber/Desktop/PI DEV/integration-final/python/data/healthy_stray_dogs/55.jpg,/Users/saber/Desktop/PI DEV/integration-final/python/data/health_dataset/test/healthy/55_66389ff6d8a7.jpg,test/healthy/55_66389ff6d8a7.jpg,66389ff6d8a75bb9cea02d1959d621ec5caf34a2c7a87f5f0a5305f34779609d,601,900,JPEG
test,healthy,healthy_stray_dogs,/Users/saber/Desktop/PI DEV/integration-final/python/data/healthy_stray_dogs/74.jpg,/Users/saber/Desktop/PI DEV/integration-final/python/data/health_dataset/test/healthy/74_10deb5168572.jpg,test/healthy/74_10deb5168572.jpg,10deb5168572a1104ac7dbefe526513e70c97f2a82628e743ebdc7f8b7c764b2,1024,1024,JPEG
test,healthy,healthy_stray_dogs,/Users/saber/Desktop/PI DEV/integration-final/python/data/healthy_stray_dogs/85.jpg,/Users/saber/Desktop/PI DEV/integration-final/python/data/health_dataset/test/healthy/85_ae4933fde991.jpg,test/healthy/85_ae4933fde991.jpg,ae4933fde99134b804ddfcc19d9a3273839f015146db57c4a1b578f1ab267f63,1300,975,JPEG
test,healthy,healthy_stray_dogs,/Users/saber/Desktop/PI DEV/integration-final/python/data/healthy_stray_dogs/97.jpg,/Users/saber/Desktop/PI DEV/integration-final/python/data/health_dataset/test/healthy/97_e32bb526080e.jpg,test/healthy/97_e32bb526080e.jpg,e32bb526080e542637cf865973a301b93758374c0e7da7c33d23281c58ae11cb,2400,1350,JPEG
test,ill,contagious_stray_dogs,/Users/saber/Desktop/PI DEV/integration-final/python/data/contagious_stray_dogs/0.jpg,/Users/saber/Desktop/PI DEV/integration-final/python/data/health_dataset/test/ill/0_633b0cdda02f.jpg,test/ill/0_633b0cdda02f.jpg,633b0cdda02f4a9e1e83b4e58d4bdcb120d667e20341f14f3f45ecb50b341466,1080,720,JPEG
test,ill,contagious_stray_dogs,/Users/saber/Desktop/PI DEV/integration-final/python/data/contagious_stray_dogs/10.jpg,/Users/saber/Desktop/PI DEV/integration-final/python/data/health_dataset/test/ill/10_5ca60c001e6d.jpg,test/ill/10_5ca60c001e6d.jpg,5ca60c001e6d9af69b46f78de4a48dc46c2b2d2ff653c0fc492b3f09a59b9375,686,386,JPEG
test,ill,contagious_stray_dogs,/Users/saber/Desktop/PI DEV/integration-final/python/data/contagious_stray_dogs/115.jpg,/Users/saber/Desktop/PI DEV/integration-final/python/data/health_dataset/test/ill/115_e224c4f3fe88.jpg,test/ill/115_e224c4f3fe88.jpg,e224c4f3fe88c9d96568af700ad5af77bdd8be8fd6a614abefec19eac516ad55,706,1321,JPEG
test,ill,contagious_stray_dogs,/Users/saber/Desktop/PI DEV/integration-final/python/data/contagious_stray_dogs/129.jpg,/Users/saber/Desktop/PI DEV/integration-final/python/data/health_dataset/test/ill/129_1f33e3f552fc.jpg,test/ill/129_1f33e3f552fc.jpg,1f33e3f552fc316c34664d5f1af2f83bef178ea382a366c648b7a598d2588aa4,686,386,JPEG
test,ill,contagious_stray_dogs,/Users/saber/Desktop/PI DEV/integration-final/python/data/contagious_stray_dogs/146.jpg,/Users/saber/Desktop/PI DEV/integration-final/python/data/health_dataset/test/ill/146_34ab60fc0c75.jpg,test/ill/146_34ab60fc0c75.jpg,34ab60fc0c7530001fc0cefa9a4deb8d604e309597b266e0b4d39ded2b102084,1920,1080,PNG
test,ill,contagious_stray_dogs,/Users/saber/Desktop/PI DEV/integration-final/python/data/contagious_stray_dogs/149.jpg,/Users/saber/Desktop/PI DEV/integration-final/python/data/health_dataset/test/ill/149_8c47f485582f.jpg,test/ill/149_8c47f485582f.jpg,8c47f485582f5055df1958948e6f74ddd73c70775f85ca9142ea576069001972,1829,2516,JPEG
test,ill,contagious_stray_dogs,/Users/saber/Desktop/PI DEV/integration-final/python/data/contagious_stray_dogs/153.jpg,/Users/saber/Desktop/PI DEV/integration-final/python/data/health_dataset/test/ill/153_17944fc8bdc5.jpg,test/ill/153_17944fc8bdc5.jpg,17944fc8bdc5b4064ca7aff23e3dcea6a473ddcdd8cb736f4bc77532f6664913,800,242,JPEG
test,ill,contagious_stray_dogs,/Users/saber/Desktop/PI DEV/integration-final/python/data/contagious_stray_dogs/156.jpg,/Users/saber/Desktop/PI DEV/integration-final/python/data/health_dataset/test/ill/156_5cb074d69509.jpg,test/ill/156_5cb074d69509.jpg,5cb074d69509d01b40ed2a8f1226b238173ab2841d2667b2d5bf22cd7ee57304,1024,512,JPEG
test,ill,contagious_stray_dogs,/Users/saber/Desktop/PI DEV/integration-final/python/data/contagious_stray_dogs/16.jpg,/Users/saber/Desktop/PI DEV/integration-final/python/data/health_dataset/test/ill/16_27385dc48b33.jpg,test/ill/16_27385dc48b33.jpg,27385dc48b3387069f51accc33bbb112278703935e180f014659b6f5e0c06378,640,520,JPEG
test,ill,contagious_stray_dogs,/Users/saber/Desktop/PI DEV/integration-final/python/data/contagious_stray_dogs/193.jpg,/Users/saber/Desktop/PI DEV/integration-final/python/data/health_dataset/test/ill/193_ade4b1e6672c.jpg,test/ill/193_ade4b1e6672c.jpg,ade4b1e6672c6cf8b75a1d8dd914eadf6cfefcee1f2c0d3cfd6a7793a209d275,325,200,WEBP
test,ill,contagious_stray_dogs,/Users/saber/Desktop/PI DEV/integration-final/python/data/contagious_stray_dogs/20.jpg,/Users/saber/Desktop/PI DEV/integration-final/python/data/health_dataset/test/ill/20_0db62cb02721.jpg,test/ill/20_0db62cb02721.jpg,0db62cb02721b6384b88d5182c6233b057bd0aaef0455c243e2de2ac2407e030,700,500,JPEG
test,ill,contagious_stray_dogs,/Users/saber/Desktop/PI DEV/integration-final/python/data/contagious_stray_dogs/38.jpg,/Users/saber/Desktop/PI DEV/integration-final/python/data/health_dataset/test/ill/38_e65ba96d040b.jpg,test/ill/38_e65ba96d040b.jpg,e65ba96d040b336803981bd72d4d1d8c462e602fe0df51182a613a6803432ee6,347,280,JPEG
test,ill,contagious_stray_dogs,/Users/saber/Desktop/PI DEV/integration-final/python/data/contagious_stray_dogs/53.jpg,/Users/saber/Desktop/PI DEV/integration-final/python/data/health_dataset/test/ill/53_f345f47f6685.jpg,test/ill/53_f345f47f6685.jpg,f345f47f668521b050a68d36fe581094a37d732811a113ba3f97b851726a4170,391,280,JPEG
test,ill,contagious_stray_dogs,/Users/saber/Desktop/PI DEV/integration-final/python/data/contagious_stray_dogs/56.jpg,/Users/saber/Desktop/PI DEV/integration-final/python/data/health_dataset/test/ill/56_146ec2bfd1a8.jpg,test/ill/56_146ec2bfd1a8.jpg,146ec2bfd1a823d32059bb0ab8c821c17e9d88a32bda32438c461bf2cc154aa1,792,1056,JPEG
test,ill,contagious_stray_dogs,/Users/saber/Desktop/PI DEV/integration-final/python/data/contagious_stray_dogs/63.jpg,/Users/saber/Desktop/PI DEV/integration-final/python/data/health_dataset/test/ill/63_20f9c4966361.jpg,test/ill/63_20f9c4966361.jpg,20f9c4966361469a56a932bc756c256860ec2bcb900271495c819802e99e1dca,1500,1100,JPEG
test,ill,contagious_stray_dogs,/Users/saber/Desktop/PI DEV/integration-final/python/data/contagious_stray_dogs/72.jpg,/Users/saber/Desktop/PI DEV/integration-final/python/data/health_dataset/test/ill/72_f18da8bceb36.jpg,test/ill/72_f18da8bceb36.jpg,f18da8bceb361574edeaa8dc3aca8d4ba47275a6bd244d9c15d9454f41755c92,618,960,JPEG
test,ill,contagious_stray_dogs,/Users/saber/Desktop/PI DEV/integration-final/python/data/contagious_stray_dogs/83.jpg,/Users/saber/Desktop/PI DEV/integration-final/python/data/health_dataset/test/ill/83_72ff90c9a407.jpg,test/ill/83_72ff90c9a407.jpg,72ff90c9a4078741226da973e2859c6a95fab050740f03810fa75851599fcb65,1200,628,JPEG
test,ill,contagious_stray_dogs,/Users/saber/Desktop/PI DEV/integration-final/python/data/contagious_stray_dogs/87.jpg,/Users/saber/Desktop/PI DEV/integration-final/python/data/health_dataset/test/ill/87_9dcad25d8ac8.jpg,test/ill/87_9dcad25d8ac8.jpg,9dcad25d8ac8b3168e77a5d3d8d709820fb5f7d2ebb9af89fb7d3ba80d3a62a3,393,280,JPEG
test,ill,contagious_stray_dogs,/Users/saber/Desktop/PI DEV/integration-final/python/data/contagious_stray_dogs/89.jpg,/Users/saber/Desktop/PI DEV/integration-final/python/data/health_dataset/test/ill/89_6debb8ca54b3.jpg,test/ill/89_6debb8ca54b3.jpg,6debb8ca54b3a0ff86f613f519ddd1532d6f060e0becc67c0d8ef2e550e28708,1200,630,PNG
test,ill,contagious_stray_dogs,/Users/saber/Desktop/PI DEV/integration-final/python/data/contagious_stray_dogs/92.jpg,/Users/saber/Desktop/PI DEV/integration-final/python/data/health_dataset/test/ill/92_81ac1307bbcd.jpg,test/ill/92_81ac1307bbcd.jpg,81ac1307bbcd94dfb5cb280204968bbc47f3752438d7395b9419890018461b4e,3024,4032,JPEG
test,ill,contagious_stray_dogs,/Users/saber/Desktop/PI DEV/integration-final/python/data/contagious_stray_dogs/97.jpg,/Users/saber/Desktop/PI DEV/integration-final/python/data/health_dataset/test/ill/97_6c1591a908a9.jpg,test/ill/97_6c1591a908a9.jpg,6c1591a908a9428400da24b89e62a954c48092f369379d9612a06b76d6cba104,976,300,JPEG
train,healthy,healthy_stray_dogs,/Users/saber/Desktop/PI DEV/integration-final/python/data/healthy_stray_dogs/0.jpg,/Users/saber/Desktop/PI DEV/integration-final/python/data/health_dataset/train/healthy/0_ad4dce8dde7f.jpg,train/healthy/0_ad4dce8dde7f.jpg,ad4dce8dde7f60a0a8edbcd4131cff77a318f9fd158b44ecabcfe4967c8be21d,800,534,JPEG
train,healthy,healthy_stray_dogs,/Users/saber/Desktop/PI DEV/integration-final/python/data/healthy_stray_dogs/100.jpg,/Users/saber/Desktop/PI DEV/integration-final/python/data/health_dataset/train/healthy/100_867eec1dd35b.jpg,train/healthy/100_867eec1dd35b.jpg,867eec1dd35b15eb65699101f64615e86c4402b80f25521b87eddd965757f0c7,640,460,JPEG
train,healthy,healthy_stray_dogs,/Users/saber/Desktop/PI DEV/integration-final/python/data/healthy_stray_dogs/102.jpg,/Users/saber/Desktop/PI DEV/integration-final/python/data/health_dataset/train/healthy/102_28832193ed3e.jpg,train/healthy/102_28832193ed3e.jpg,28832193ed3eec301148cde4dcf15b69e125361c7feba57bfe3e87323d82d838,1545,2000,PNG
train,healthy,healthy_stray_dogs,/Users/saber/Desktop/PI DEV/integration-final/python/data/healthy_stray_dogs/10.jpg,/Users/saber/Desktop/PI DEV/integration-final/python/data/health_dataset/train/healthy/10_2a92bff318c0.jpg,train/healthy/10_2a92bff318c0.jpg,2a92bff318c068f8b60beee060e967f11e4c3fae7d19483ad4274488adbe038d,800,1184,PNG
train,healthy,healthy_stray_dogs,/Users/saber/Desktop/PI DEV/integration-final/python/data/healthy_stray_dogs/112.jpg,/Users/saber/Desktop/PI DEV/integration-final/python/data/health_dataset/train/healthy/112_019555107e3d.jpg,train/healthy/112_019555107e3d.jpg,019555107e3d03bd5530254ebce588c5dcdfeef9cae718748b20a60d723363db,2500,1667,WEBP
train,healthy,healthy_stray_dogs,/Users/saber/Desktop/PI DEV/integration-final/python/data/healthy_stray_dogs/11.jpg,/Users/saber/Desktop/PI DEV/integration-final/python/data/health_dataset/train/healthy/11_01ef7d05ebf3.jpg,train/healthy/11_01ef7d05ebf3.jpg,01ef7d05ebf38ee27de3cc7411a9f3e8ddc855e18491d02c7685f3817cc89798,1024,536,JPEG
train,healthy,healthy_stray_dogs,/Users/saber/Desktop/PI DEV/integration-final/python/data/healthy_stray_dogs/122.jpg,/Users/saber/Desktop/PI DEV/integration-final/python/data/health_dataset/train/healthy/122_85594b9c1854.jpg,train/healthy/122_85594b9c1854.jpg,85594b9c18542f33243caf2f609b8333f8e8a24835b1bcdcd0121aad189891c1,300,300,PNG
train,healthy,healthy_stray_dogs,/Users/saber/Desktop/PI DEV/integration-final/python/data/healthy_stray_dogs/123.jpg,/Users/saber/Desktop/PI DEV/integration-final/python/data/health_dataset/train/healthy/123_4fddbbac8dce.jpg,train/healthy/123_4fddbbac8dce.jpg,4fddbbac8dce51011ebb19b0e5002492d28390c2ce8c1cdc5728a7e39eb7122b,1920,1440,PNG
train,healthy,healthy_stray_dogs,/Users/saber/Desktop/PI DEV/integration-final/python/data/healthy_stray_dogs/124.jpg,/Users/saber/Desktop/PI DEV/integration-final/python/data/health_dataset/train/healthy/124_ff9eb4969a57.jpg,train/healthy/124_ff9eb4969a57.jpg,ff9eb4969a57c23f5edefef532d340f6c0feed912810f3a1d538dc53617a0a63,1200,630,PNG
train,healthy,healthy_stray_dogs,/Users/saber/Desktop/PI DEV/integration-final/python/data/healthy_stray_dogs/128.jpg,/Users/saber/Desktop/PI DEV/integration-final/python/data/health_dataset/train/healthy/128_563b277a28c5.jpg,train/healthy/128_563b277a28c5.jpg,563b277a28c5bd9f02f71945608ad433713e268b26bd6fa743896c7e3744f77a,675,675,PNG
train,healthy,healthy_stray_dogs,/Users/saber/Desktop/PI DEV/integration-final/python/data/healthy_stray_dogs/129.jpg,/Users/saber/Desktop/PI DEV/integration-final/python/data/health_dataset/train/healthy/129_c40150babe12.jpg,train/healthy/129_c40150babe12.jpg,c40150babe122fb090180d675f5d256a55eab0298e367adc746e008e3d139d79,932,543,JPEG
train,healthy,healthy_stray_dogs,/Users/saber/Desktop/PI DEV/integration-final/python/data/healthy_stray_dogs/12.jpg,/Users/saber/Desktop/PI DEV/integration-final/python/data/health_dataset/train/healthy/12_f91cfa24948e.jpg,train/healthy/12_f91cfa24948e.jpg,f91cfa24948e54aa620d11f5e3c28083803ba13de09de4f44c1699331cfb7030,1200,667,JPEG
train,healthy,healthy_stray_dogs,/Users/saber/Desktop/PI DEV/integration-final/python/data/healthy_stray_dogs/131.jpg,/Users/saber/Desktop/PI DEV/integration-final/python/data/health_dataset/train/healthy/131_bb1da2f609d3.jpg,train/healthy/131_bb1da2f609d3.jpg,bb1da2f609d31fe91389c5627acf0ec858f348bb95d580b5c3f26ea5b85db151,2048,1365,WEBP
train,healthy,healthy_stray_dogs,/Users/saber/Desktop/PI DEV/integration-final/python/data/healthy_stray_dogs/132.jpg,/Users/saber/Desktop/PI DEV/integration-final/python/data/health_dataset/train/healthy/132_8f0c6b73aea9.jpg,train/healthy/132_8f0c6b73aea9.jpg,8f0c6b73aea9ef1ec72e5d2187a9d7055326e1dbc11082a4585cb8c6a3b197a5,1920,1080,PNG
train,healthy,healthy_stray_dogs,/Users/saber/Desktop/PI DEV/integration-final/python/data/healthy_stray_dogs/139.jpg,/Users/saber/Desktop/PI DEV/integration-final/python/data/health_dataset/train/healthy/139_e1fd3dd32ccc.jpg,train/healthy/139_e1fd3dd32ccc.jpg,e1fd3dd32cccf17f793dacdb1add4c18ab16ef5b915beb91473cc6d61ccba60e,1200,1200,JPEG
train,healthy,healthy_stray_dogs,/Users/saber/Desktop/PI DEV/integration-final/python/data/healthy_stray_dogs/143.jpg,/Users/saber/Desktop/PI DEV/integration-final/python/data/health_dataset/train/healthy/143_e7e2a5a37005.jpg,train/healthy/143_e7e2a5a37005.jpg,e7e2a5a37005658593c5b01f5a1e4b8004ede094ae43c08eb8e176f063fedda9,788,788,JPEG
train,healthy,healthy_stray_dogs,/Users/saber/Desktop/PI DEV/integration-final/python/data/healthy_stray_dogs/144.jpg,/Users/saber/Desktop/PI DEV/integration-final/python/data/health_dataset/train/healthy/144_91001ff8145b.jpg,train/healthy/144_91001ff8145b.jpg,91001ff8145b50fae84cecfa23cd052bf5ba01ad794d113209bee9079142e8dd,1400,840,JPEG
train,healthy,healthy_stray_dogs,/Users/saber/Desktop/PI DEV/integration-final/python/data/healthy_stray_dogs/148.jpg,/Users/saber/Desktop/PI DEV/integration-final/python/data/health_dataset/train/healthy/148_c0981c9790af.jpg,train/healthy/148_c0981c9790af.jpg,c0981c9790afdd165f284fc07df378e043d5f0e7f0eae5c2fdb1e6bbf7c9d8e0,1024,1024,JPEG
train,healthy,healthy_stray_dogs,/Users/saber/Desktop/PI DEV/integration-final/python/data/healthy_stray_dogs/14.jpg,/Users/saber/Desktop/PI DEV/integration-final/python/data/health_dataset/train/healthy/14_a4569f5c54af.jpg,train/healthy/14_a4569f5c54af.jpg,a4569f5c54afda39eb607b67d4ac535bf61b5cde6e209e5a2541b752609945bd,600,400,JPEG
train,healthy,healthy_stray_dogs,/Users/saber/Desktop/PI DEV/integration-final/python/data/healthy_stray_dogs/150.jpg,/Users/saber/Desktop/PI DEV/integration-final/python/data/health_dataset/train/healthy/150_54e244cf356f.jpg,train/healthy/150_54e244cf356f.jpg,54e244cf356fb88a6a7f835b9543b504aba49e1071d9477740781a5b101c4e7f,1024,682,JPEG
train,healthy,healthy_stray_dogs,/Users/saber/Desktop/PI DEV/integration-final/python/data/healthy_stray_dogs/151.jpg,/Users/saber/Desktop/PI DEV/integration-final/python/data/health_dataset/train/healthy/151_50f698de5828.jpg,train/healthy/151_50f698de5828.jpg,50f698de58284e6d874a902cc5f63b618294a99cdb4502d4e347857c0313288b,936,702,WEBP
train,healthy,healthy_stray_dogs,/Users/saber/Desktop/PI DEV/integration-final/python/data/healthy_stray_dogs/152.jpg,/Users/saber/Desktop/PI DEV/integration-final/python/data/health_dataset/train/healthy/152_a6a5f759c4b5.jpg,train/healthy/152_a6a5f759c4b5.jpg,a6a5f759c4b54d588057e5018e9cbbd16efbdc62d091eeae3452e6fd9e9a504f,1478,924,JPEG
train,healthy,healthy_stray_dogs,/Users/saber/Desktop/PI DEV/integration-final/python/data/healthy_stray_dogs/155.jpg,/Users/saber/Desktop/PI DEV/integration-final/python/data/health_dataset/train/healthy/155_2e187d810bc2.jpg,train/healthy/155_2e187d810bc2.jpg,2e187d810bc2f3a7c6b0231d318005c6db0212374b78611ec4277ef7bf4556b4,3024,4032,JPEG
train,healthy,healthy_stray_dogs,/Users/saber/Desktop/PI DEV/integration-final/python/data/healthy_stray_dogs/156.jpg,/Users/saber/Desktop/PI DEV/integration-final/python/data/health_dataset/train/healthy/156_649ec450ba5a.jpg,train/healthy/156_649ec450ba5a.jpg,649ec450ba5a34a45cf9a8f650b4db5f771d6f98e602b4d6d81ee72744df7aaf,3024,4032,JPEG
train,healthy,healthy_stray_dogs,/Users/saber/Desktop/PI DEV/integration-final/python/data/healthy_stray_dogs/15.jpg,/Users/saber/Desktop/PI DEV/integration-final/python/data/health_dataset/train/healthy/15_dec69216e06d.jpg,train/healthy/15_dec69216e06d.jpg,dec69216e06d70cfb3aa7171365f49b6e0f32d649cd782264fa57a438dae9dc6,1024,683,PNG
train,healthy,healthy_stray_dogs,/Users/saber/Desktop/PI DEV/integration-final/python/data/healthy_stray_dogs/161.jpg,/Users/saber/Desktop/PI DEV/integration-final/python/data/health_dataset/train/healthy/161_d5debe267fe7.jpg,train/healthy/161_d5debe267fe7.jpg,d5debe267fe78409d04c34d151c6edb00394769d2b0c5ce8890da956d6bb2220,1140,641,JPEG
train,healthy,healthy_stray_dogs,/Users/saber/Desktop/PI DEV/integration-final/python/data/healthy_stray_dogs/163.jpg,/Users/saber/Desktop/PI DEV/integration-final/python/data/health_dataset/train/healthy/163_3f5e6220e785.jpg,train/healthy/163_3f5e6220e785.jpg,3f5e6220e7850276f2e3a9e20ed3e21c08a7f6315f2c37df85c32788fdba80e7,1516,1334,JPEG
train,healthy,healthy_stray_dogs,/Users/saber/Desktop/PI DEV/integration-final/python/data/healthy_stray_dogs/165.jpg,/Users/saber/Desktop/PI DEV/integration-final/python/data/health_dataset/train/healthy/165_a851da2c3542.jpg,train/healthy/165_a851da2c3542.jpg,a851da2c35426f26f1354281ff07cbde62639540be6459642f4fdef8ea2ab543,310,401,PNG
train,healthy,healthy_stray_dogs,/Users/saber/Desktop/PI DEV/integration-final/python/data/healthy_stray_dogs/166.jpg,/Users/saber/Desktop/PI DEV/integration-final/python/data/health_dataset/train/healthy/166_b813b8e3847e.jpg,train/healthy/166_b813b8e3847e.jpg,b813b8e3847e244a6dc81de0645679c2c875b16ca89c20f32686992ccc88dee1,624,1038,PNG
train,healthy,healthy_stray_dogs,/Users/saber/Desktop/PI DEV/integration-final/python/data/healthy_stray_dogs/167.jpg,/Users/saber/Desktop/PI DEV/integration-final/python/data/health_dataset/train/healthy/167_634359794422.jpg,train/healthy/167_634359794422.jpg,6343597944228f9077d4075469239270960910c0fcda4c38bbb7c58c80998785,520,347,PNG
train,healthy,healthy_stray_dogs,/Users/saber/Desktop/PI DEV/integration-final/python/data/healthy_stray_dogs/168.jpg,/Users/saber/Desktop/PI DEV/integration-final/python/data/health_dataset/train/healthy/168_7cf41a1c596d.jpg,train/healthy/168_7cf41a1c596d.jpg,7cf41a1c596dad8f4e79cc3e09cdc12a05a3af8f0139d479b03ad5e266f2ee8f,800,1205,JPEG
train,healthy,healthy_stray_dogs,/Users/saber/Desktop/PI DEV/integration-final/python/data/healthy_stray_dogs/16.jpg,/Users/saber/Desktop/PI DEV/integration-final/python/data/health_dataset/train/healthy/16_d47f4ea7f576.jpg,train/healthy/16_d47f4ea7f576.jpg,d47f4ea7f576f87e034eddc0dfd9093f4a94a2d8571889c84b530265dc05bfed,3072,2005,JPEG
train,healthy,healthy_stray_dogs,/Users/saber/Desktop/PI DEV/integration-final/python/data/healthy_stray_dogs/174.jpg,/Users/saber/Desktop/PI DEV/integration-final/python/data/health_dataset/train/healthy/174_4f8cec0df71c.jpg,train/healthy/174_4f8cec0df71c.jpg,4f8cec0df71c1cf5dc68a9778e5dea811bd8042f66264dc6ee601f7b78aa08dc,1280,720,JPEG
train,healthy,healthy_stray_dogs,/Users/saber/Desktop/PI DEV/integration-final/python/data/healthy_stray_dogs/175.jpg,/Users/saber/Desktop/PI DEV/integration-final/python/data/health_dataset/train/healthy/175_3a233a24876f.jpg,train/healthy/175_3a233a24876f.jpg,3a233a24876f9f55ff617034713f2de8ad308e3b8e7c57d0a1578fe8e41ecde1,1920,1080,JPEG
train,healthy,healthy_stray_dogs,/Users/saber/Desktop/PI DEV/integration-final/python/data/healthy_stray_dogs/178.jpg,/Users/saber/Desktop/PI DEV/integration-final/python/data/health_dataset/train/healthy/178_6e45d1342950.jpg,train/healthy/178_6e45d1342950.jpg,6e45d1342950cc9af269494f0e3835a0e05f231036f03811ace926e85b6a288e,880,587,JPEG
train,healthy,healthy_stray_dogs,/Users/saber/Desktop/PI DEV/integration-final/python/data/healthy_stray_dogs/179.jpg,/Users/saber/Desktop/PI DEV/integration-final/python/data/health_dataset/train/healthy/179_6c506617ae5c.jpg,train/healthy/179_6c506617ae5c.jpg,6c506617ae5cedb7d0753a310daa2748125ac8018a0394a6828178421cf869a1,880,542,JPEG
train,healthy,healthy_stray_dogs,/Users/saber/Desktop/PI DEV/integration-final/python/data/healthy_stray_dogs/180.jpg,/Users/saber/Desktop/PI DEV/integration-final/python/data/health_dataset/train/healthy/180_156c771f2d2a.jpg,train/healthy/180_156c771f2d2a.jpg,156c771f2d2acbd80143e9217ff87a9fd8a113b9899393f1bd61061ec3a8f3df,1024,536,JPEG
train,healthy,healthy_stray_dogs,/Users/saber/Desktop/PI DEV/integration-final/python/data/healthy_stray_dogs/183.jpg,/Users/saber/Desktop/PI DEV/integration-final/python/data/health_dataset/train/healthy/183_e8fe66ee7d15.jpg,train/healthy/183_e8fe66ee7d15.jpg,e8fe66ee7d157972bca77320d11b7928434d967438c5da25ba1f737fc2122adf,1280,852,JPEG
train,healthy,healthy_stray_dogs,/Users/saber/Desktop/PI DEV/integration-final/python/data/healthy_stray_dogs/186.jpg,/Users/saber/Desktop/PI DEV/integration-final/python/data/health_dataset/train/healthy/186_3c9f105d1f81.jpg,train/healthy/186_3c9f105d1f81.jpg,3c9f105d1f81e426d5e181f6f2919900d92a50265510ff30502050272f350d79,1622,1622,WEBP
train,healthy,healthy_stray_dogs,/Users/saber/Desktop/PI DEV/integration-final/python/data/healthy_stray_dogs/189.jpg,/Users/saber/Desktop/PI DEV/integration-final/python/data/health_dataset/train/healthy/189_daaab2217447.jpg,train/healthy/189_daaab2217447.jpg,daaab2217447f16458b4afafd03efed84a9ec68f867174cd6b70f39de23b37c5,1163,775,JPEG
train,healthy,healthy_stray_dogs,/Users/saber/Desktop/PI DEV/integration-final/python/data/healthy_stray_dogs/18.jpg,/Users/saber/Desktop/PI DEV/integration-final/python/data/health_dataset/train/healthy/18_c1667cbe344e.jpg,train/healthy/18_c1667cbe344e.jpg,c1667cbe344ef11e569a85588529f085ab361d00b5d2e744e682ddfc8ff9b61e,690,388,JPEG
train,healthy,healthy_stray_dogs,/Users/saber/Desktop/PI DEV/integration-final/python/data/healthy_stray_dogs/190.jpg,/Users/saber/Desktop/PI DEV/integration-final/python/data/health_dataset/train/healthy/190_b654161ad0ce.jpg,train/healthy/190_b654161ad0ce.jpg,b654161ad0ce8e6e333f54d0f7cc46ea9b5911740d3257c422bde9acdcd8f94e,2560,640,JPEG
train,healthy,healthy_stray_dogs,/Users/saber/Desktop/PI DEV/integration-final/python/data/healthy_stray_dogs/191.jpg,/Users/saber/Desktop/PI DEV/integration-final/python/data/health_dataset/train/healthy/191_9628c6b34cce.jpg,train/healthy/191_9628c6b34cce.jpg,9628c6b34cce2c428a907b6b1bea1d3f2afc2387aef4ceebe960f7d3a67d3250,880,542,JPEG
train,healthy,healthy_stray_dogs,/Users/saber/Desktop/PI DEV/integration-final/python/data/healthy_stray_dogs/192.jpg,/Users/saber/Desktop/PI DEV/integration-final/python/data/health_dataset/train/healthy/192_eee369a0b5a9.jpg,train/healthy/192_eee369a0b5a9.jpg,eee369a0b5a9c33fd0ed779a48ee655c312e3ab3665d3cd97703fe9401dab840,1080,1080,PNG
train,healthy,healthy_stray_dogs,/Users/saber/Desktop/PI DEV/integration-final/python/data/healthy_stray_dogs/194.jpg,/Users/saber/Desktop/PI DEV/integration-final/python/data/health_dataset/train/healthy/194_f7b95d7877af.jpg,train/healthy/194_f7b95d7877af.jpg,f7b95d7877afd14a302b9d29b102eaa66e1d4d365c059c88d3119ecb0545a724,3024,4032,JPEG
train,healthy,healthy_stray_dogs,/Users/saber/Desktop/PI DEV/integration-final/python/data/healthy_stray_dogs/197.jpg,/Users/saber/Desktop/PI DEV/integration-final/python/data/health_dataset/train/healthy/197_e22ea3ff2cc0.jpg,train/healthy/197_e22ea3ff2cc0.jpg,e22ea3ff2cc05e25a603c91a42c7296008b98aa1482ed33a1cb43291d031a88e,600,900,JPEG
train,healthy,healthy_stray_dogs,/Users/saber/Desktop/PI DEV/integration-final/python/data/healthy_stray_dogs/198.jpg,/Users/saber/Desktop/PI DEV/integration-final/python/data/health_dataset/train/healthy/198_250bec837930.jpg,train/healthy/198_250bec837930.jpg,250bec83793036c87b880cfe8046ed3b6b852db8bd3bdb11094a9ccdd2a718f5,3840,2404,JPEG
train,healthy,healthy_stray_dogs,/Users/saber/Desktop/PI DEV/integration-final/python/data/healthy_stray_dogs/19.jpg,/Users/saber/Desktop/PI DEV/integration-final/python/data/health_dataset/train/healthy/19_365a1bf9cf9b.jpg,train/healthy/19_365a1bf9cf9b.jpg,365a1bf9cf9bd6ae5ff89b4878872b2752b45868f859c04a0fe8fd217a9997cc,480,270,WEBP
train,healthy,healthy_stray_dogs,/Users/saber/Desktop/PI DEV/integration-final/python/data/healthy_stray_dogs/20.jpg,/Users/saber/Desktop/PI DEV/integration-final/python/data/health_dataset/train/healthy/20_e0621caf88b4.jpg,train/healthy/20_e0621caf88b4.jpg,e0621caf88b4ae654dbc70b96492b5d56735b598a2dbfa9c9607c8afbf7ea34d,800,800,JPEG
train,healthy,healthy_stray_dogs,/Users/saber/Desktop/PI DEV/integration-final/python/data/healthy_stray_dogs/21.jpg,/Users/saber/Desktop/PI DEV/integration-final/python/data/health_dataset/train/healthy/21_cf30a329a778.jpg,train/healthy/21_cf30a329a778.jpg,cf30a329a778502714015335e13f3758b83106447d3b2feb163d21f635a910a2,1200,630,JPEG
train,healthy,healthy_stray_dogs,/Users/saber/Desktop/PI DEV/integration-final/python/data/healthy_stray_dogs/22.jpg,/Users/saber/Desktop/PI DEV/integration-final/python/data/health_dataset/train/healthy/22_11402737ed7b.jpg,train/healthy/22_11402737ed7b.jpg,11402737ed7b823fbdf16eb3281f0e53ac2efaf56444899821469568626fb1ad,1500,847,JPEG
train,healthy,healthy_stray_dogs,/Users/saber/Desktop/PI DEV/integration-final/python/data/healthy_stray_dogs/23.jpg,/Users/saber/Desktop/PI DEV/integration-final/python/data/health_dataset/train/healthy/23_ffab94cce8e1.jpg,train/healthy/23_ffab94cce8e1.jpg,ffab94cce8e1db1ad2e1b28a3134afb85795184a7883b3d5afc54b409460a8e6,1300,956,JPEG
train,healthy,healthy_stray_dogs,/Users/saber/Desktop/PI DEV/integration-final/python/data/healthy_stray_dogs/24.jpg,/Users/saber/Desktop/PI DEV/integration-final/python/data/health_dataset/train/healthy/24_9c80b78f5752.jpg,train/healthy/24_9c80b78f5752.jpg,9c80b78f575277edde1a0390b9c5684524f00337c9ab223d8fe01b5c35506cf8,1000,666,JPEG
train,healthy,healthy_stray_dogs,/Users/saber/Desktop/PI DEV/integration-final/python/data/healthy_stray_dogs/26.jpg,/Users/saber/Desktop/PI DEV/integration-final/python/data/health_dataset/train/healthy/26_8cfb4e341622.jpg,train/healthy/26_8cfb4e341622.jpg,8cfb4e341622204e84478ee0effdc6a040801ce765f005c20fc8af9c2ccba3e7,1280,853,JPEG
train,healthy,healthy_stray_dogs,/Users/saber/Desktop/PI DEV/integration-final/python/data/healthy_stray_dogs/27.jpg,/Users/saber/Desktop/PI DEV/integration-final/python/data/health_dataset/train/healthy/27_d81cb7fa21a1.jpg,train/healthy/27_d81cb7fa21a1.jpg,d81cb7fa21a103de5d621d8b9ce4d30d00e8ccdac945a3d5aa2e5380eedda05a,850,567,JPEG
train,healthy,healthy_stray_dogs,/Users/saber/Desktop/PI DEV/integration-final/python/data/healthy_stray_dogs/28.jpg,/Users/saber/Desktop/PI DEV/integration-final/python/data/health_dataset/train/healthy/28_2e32a51cae3b.jpg,train/healthy/28_2e32a51cae3b.jpg,2e32a51cae3b8560ce6a444503f7fd1851428a44e971550610c7478a08ba3f25,450,450,PNG
train,healthy,healthy_stray_dogs,/Users/saber/Desktop/PI DEV/integration-final/python/data/healthy_stray_dogs/29.jpg,/Users/saber/Desktop/PI DEV/integration-final/python/data/health_dataset/train/healthy/29_92a6d39becdd.jpg,train/healthy/29_92a6d39becdd.jpg,92a6d39becdd421a027b976c4c27202a3ece0a0adf2b0a8933e04492f7d3c12e,770,513,JPEG
train,healthy,healthy_stray_dogs,/Users/saber/Desktop/PI DEV/integration-final/python/data/healthy_stray_dogs/2.jpg,/Users/saber/Desktop/PI DEV/integration-final/python/data/health_dataset/train/healthy/2_276b99282d8b.jpg,train/healthy/2_276b99282d8b.jpg,276b99282d8bf1e5bd0dad63771668281da6ce71eab6aba0280d807cadb166fd,800,800,JPEG
train,healthy,healthy_stray_dogs,/Users/saber/Desktop/PI DEV/integration-final/python/data/healthy_stray_dogs/33.jpg,/Users/saber/Desktop/PI DEV/integration-final/python/data/health_dataset/train/healthy/33_468c6c6a5f24.jpg,train/healthy/33_468c6c6a5f24.jpg,468c6c6a5f24c8e96b625babfa88b95e24abfc6914eb7f4d663f5fe54bb57d72,1200,800,JPEG
train,healthy,healthy_stray_dogs,/Users/saber/Desktop/PI DEV/integration-final/python/data/healthy_stray_dogs/34.jpg,/Users/saber/Desktop/PI DEV/integration-final/python/data/health_dataset/train/healthy/34_de8174d7ab04.jpg,train/healthy/34_de8174d7ab04.jpg,de8174d7ab040146a3c4f9886d3945ab1935f747353774dd9a8f69166cf3dfae,800,534,JPEG
train,healthy,healthy_stray_dogs,/Users/saber/Desktop/PI DEV/integration-final/python/data/healthy_stray_dogs/36.jpg,/Users/saber/Desktop/PI DEV/integration-final/python/data/health_dataset/train/healthy/36_1996cc6d673a.jpg,train/healthy/36_1996cc6d673a.jpg,1996cc6d673a760dbb72c7f551dd5526a2790be74b01852e6d80fbd7cf2b1432,800,591,JPEG
train,healthy,healthy_stray_dogs,/Users/saber/Desktop/PI DEV/integration-final/python/data/healthy_stray_dogs/38.jpg,/Users/saber/Desktop/PI DEV/integration-final/python/data/health_dataset/train/healthy/38_08f82025f1c6.jpg,train/healthy/38_08f82025f1c6.jpg,08f82025f1c67256f70a8b6068a4f7c2c8f48ff79f2bb4ba0e9a8180cc3f2210,480,270,JPEG
train,healthy,healthy_stray_dogs,/Users/saber/Desktop/PI DEV/integration-final/python/data/healthy_stray_dogs/39.jpg,/Users/saber/Desktop/PI DEV/integration-final/python/data/health_dataset/train/healthy/39_9c0816415170.jpg,train/healthy/39_9c0816415170.jpg,9c08164151702e5e322d77d190845888a7ba1bce14ab32bad6e001fb90c76076,800,600,JPEG
train,healthy,healthy_stray_dogs,/Users/saber/Desktop/PI DEV/integration-final/python/data/healthy_stray_dogs/3.jpg,/Users/saber/Desktop/PI DEV/integration-final/python/data/health_dataset/train/healthy/3_be4ee7126fe5.jpg,train/healthy/3_be4ee7126fe5.jpg,be4ee7126fe5ee7cb969eaffa725bebce3aafb212318b4557d64f027081401c9,845,684,JPEG
train,healthy,healthy_stray_dogs,/Users/saber/Desktop/PI DEV/integration-final/python/data/healthy_stray_dogs/40.jpg,/Users/saber/Desktop/PI DEV/integration-final/python/data/health_dataset/train/healthy/40_40623877537c.jpg,train/healthy/40_40623877537c.jpg,40623877537c0e81195617724334af29c49d90d3fc6aed455199eea266f585d0,640,400,JPEG
train,healthy,healthy_stray_dogs,/Users/saber/Desktop/PI DEV/integration-final/python/data/healthy_stray_dogs/41.jpg,/Users/saber/Desktop/PI DEV/integration-final/python/data/health_dataset/train/healthy/41_2218d09303e4.jpg,train/healthy/41_2218d09303e4.jpg,2218d09303e47219ce6bcf5d95e186df29cb7f991c60cf24b2719707d9a33823,480,320,JPEG
train,healthy,healthy_stray_dogs,/Users/saber/Desktop/PI DEV/integration-final/python/data/healthy_stray_dogs/43.jpg,/Users/saber/Desktop/PI DEV/integration-final/python/data/health_dataset/train/healthy/43_430073c52c33.jpg,train/healthy/43_430073c52c33.jpg,430073c52c33da1a4607bc70a1bb67f5d5b77b9d9d52cd7f1dbccc74c347628e,300,300,JPEG
train,healthy,healthy_stray_dogs,/Users/saber/Desktop/PI DEV/integration-final/python/data/healthy_stray_dogs/44.jpg,/Users/saber/Desktop/PI DEV/integration-final/python/data/health_dataset/train/healthy/44_a57ede64f9ec.jpg,train/healthy/44_a57ede64f9ec.jpg,a57ede64f9ec9faa23aae3063c885fd60b245529db5697ef4be79a72d6007fb3,800,534,JPEG
train,healthy,healthy_stray_dogs,/Users/saber/Desktop/PI DEV/integration-final/python/data/healthy_stray_dogs/45.jpg,/Users/saber/Desktop/PI DEV/integration-final/python/data/health_dataset/train/healthy/45_1199cadd3d3f.jpg,train/healthy/45_1199cadd3d3f.jpg,1199cadd3d3f8140a2626209465bae04987f43febb42710569b2acdb1012ff8c,5056,3370,JPEG
train,healthy,healthy_stray_dogs,/Users/saber/Desktop/PI DEV/integration-final/python/data/healthy_stray_dogs/48.jpg,/Users/saber/Desktop/PI DEV/integration-final/python/data/health_dataset/train/healthy/48_7ac48f53dae8.jpg,train/healthy/48_7ac48f53dae8.jpg,7ac48f53dae80dcc933375490799125499151e1f24d7883de0a1cf504af34d9b,1280,1280,WEBP
train,healthy,healthy_stray_dogs,/Users/saber/Desktop/PI DEV/integration-final/python/data/healthy_stray_dogs/49.jpg,/Users/saber/Desktop/PI DEV/integration-final/python/data/health_dataset/train/healthy/49_f640afd70174.jpg,train/healthy/49_f640afd70174.jpg,f640afd701743691adeab1c7eefae8ca2cdb54ed32b1a8d15b2a99ae23a47d6f,480,270,JPEG
train,healthy,healthy_stray_dogs,/Users/saber/Desktop/PI DEV/integration-final/python/data/healthy_stray_dogs/4.jpg,/Users/saber/Desktop/PI DEV/integration-final/python/data/health_dataset/train/healthy/4_ed78b8cdf646.jpg,train/healthy/4_ed78b8cdf646.jpg,ed78b8cdf6466ee8952be2ca6b9631d09c69e2aa908f7bbea72480351db2370a,1200,675,JPEG
train,healthy,healthy_stray_dogs,/Users/saber/Desktop/PI DEV/integration-final/python/data/healthy_stray_dogs/50.jpg,/Users/saber/Desktop/PI DEV/integration-final/python/data/health_dataset/train/healthy/50_48a019e531d7.jpg,train/healthy/50_48a019e531d7.jpg,48a019e531d7d7732268ed7dec08cef0929752b4055e2dcb7591e186041f9eea,350,466,WEBP
train,healthy,healthy_stray_dogs,/Users/saber/Desktop/PI DEV/integration-final/python/data/healthy_stray_dogs/54.jpg,/Users/saber/Desktop/PI DEV/integration-final/python/data/health_dataset/train/healthy/54_e1747c4d3ef8.jpg,train/healthy/54_e1747c4d3ef8.jpg,e1747c4d3ef8405984c40cc0928b31f65d97ca37d758e019933c7fb7ec6cee88,462,280,JPEG
train,healthy,healthy_stray_dogs,/Users/saber/Desktop/PI DEV/integration-final/python/data/healthy_stray_dogs/56.jpg,/Users/saber/Desktop/PI DEV/integration-final/python/data/health_dataset/train/healthy/56_f2ab4709e724.jpg,train/healthy/56_f2ab4709e724.jpg,f2ab4709e7242b055c5c868751986e7c35e6dc9711ab4f2debc43fa1ccb39066,1080,1080,PNG
train,healthy,healthy_stray_dogs,/Users/saber/Desktop/PI DEV/integration-final/python/data/healthy_stray_dogs/57.jpg,/Users/saber/Desktop/PI DEV/integration-final/python/data/health_dataset/train/healthy/57_609fc39796fd.jpg,train/healthy/57_609fc39796fd.jpg,609fc39796fdf31775ee2ac1d9c8ed274a2db7b620cff85671e3097ddf90f936,390,280,JPEG
train,healthy,healthy_stray_dogs,/Users/saber/Desktop/PI DEV/integration-final/python/data/healthy_stray_dogs/58.jpg,/Users/saber/Desktop/PI DEV/integration-final/python/data/health_dataset/train/healthy/58_b274fe3731f1.jpg,train/healthy/58_b274fe3731f1.jpg,b274fe3731f1886b4f953c798f455f6c7dcc0205092d27f35e550d3ac6035335,2300,950,JPEG
train,healthy,healthy_stray_dogs,/Users/saber/Desktop/PI DEV/integration-final/python/data/healthy_stray_dogs/59.jpg,/Users/saber/Desktop/PI DEV/integration-final/python/data/health_dataset/train/healthy/59_560590bf5c0e.jpg,train/healthy/59_560590bf5c0e.jpg,560590bf5c0eb6c9261552c1f61c57982df39d80924be73369ee7441a62ce5fe,750,422,JPEG
train,healthy,healthy_stray_dogs,/Users/saber/Desktop/PI DEV/integration-final/python/data/healthy_stray_dogs/5.jpg,/Users/saber/Desktop/PI DEV/integration-final/python/data/health_dataset/train/healthy/5_92789657f26e.jpg,train/healthy/5_92789657f26e.jpg,92789657f26eff73f29a3b0014e7cda856f2b428684008a3070d66104d1c6a20,900,598,JPEG
train,healthy,healthy_stray_dogs,/Users/saber/Desktop/PI DEV/integration-final/python/data/healthy_stray_dogs/60.jpg,/Users/saber/Desktop/PI DEV/integration-final/python/data/health_dataset/train/healthy/60_252c40da90ce.jpg,train/healthy/60_252c40da90ce.jpg,252c40da90ce97e4d907fad396e5edde5433f71f1ca244ce7a8ea3b85972bbec,5258,3724,JPEG
train,healthy,healthy_stray_dogs,/Users/saber/Desktop/PI DEV/integration-final/python/data/healthy_stray_dogs/63.jpg,/Users/saber/Desktop/PI DEV/integration-final/python/data/health_dataset/train/healthy/63_e82c42e0b22e.jpg,train/healthy/63_e82c42e0b22e.jpg,e82c42e0b22e14eaf80bab754667a9bac57e18c83dbdeccb31dc2d85a59ccd12,3840,2880,JPEG
train,healthy,healthy_stray_dogs,/Users/saber/Desktop/PI DEV/integration-final/python/data/healthy_stray_dogs/64.jpg,/Users/saber/Desktop/PI DEV/integration-final/python/data/health_dataset/train/healthy/64_2a60d1be18ee.jpg,train/healthy/64_2a60d1be18ee.jpg,2a60d1be18eeefd90ca5a675701c5909fe5f923efffd41208e500ffedf8d682d,460,345,JPEG
train,healthy,healthy_stray_dogs,/Users/saber/Desktop/PI DEV/integration-final/python/data/healthy_stray_dogs/66.jpg,/Users/saber/Desktop/PI DEV/integration-final/python/data/health_dataset/train/healthy/66_1a04a43445b0.jpg,train/healthy/66_1a04a43445b0.jpg,1a04a43445b0106439da726ec7eacc3b1d3f91963a4474cad079f3142f1d5adf,800,800,JPEG
train,healthy,healthy_stray_dogs,/Users/saber/Desktop/PI DEV/integration-final/python/data/healthy_stray_dogs/67.jpg,/Users/saber/Desktop/PI DEV/integration-final/python/data/health_dataset/train/healthy/67_3d600d566b1f.jpg,train/healthy/67_3d600d566b1f.jpg,3d600d566b1f6c1335563c4c2dbeadcde21698468b9359741a81d3947c5a2716,1024,686,JPEG
train,healthy,healthy_stray_dogs,/Users/saber/Desktop/PI DEV/integration-final/python/data/healthy_stray_dogs/68.jpg,/Users/saber/Desktop/PI DEV/integration-final/python/data/health_dataset/train/healthy/68_1e38ebb41115.jpg,train/healthy/68_1e38ebb41115.jpg,1e38ebb41115a7e38684419516076966d457acf7100547eecef038ad1fc1ce9b,2500,1875,WEBP
train,healthy,healthy_stray_dogs,/Users/saber/Desktop/PI DEV/integration-final/python/data/healthy_stray_dogs/69.jpg,/Users/saber/Desktop/PI DEV/integration-final/python/data/health_dataset/train/healthy/69_21d71cee4201.jpg,train/healthy/69_21d71cee4201.jpg,21d71cee420159c2693ea1bed4f6bf2a6e21c4f746b2438f0834c4ed10e2f4c9,612,408,JPEG
train,healthy,healthy_stray_dogs,/Users/saber/Desktop/PI DEV/integration-final/python/data/healthy_stray_dogs/70.jpg,/Users/saber/Desktop/PI DEV/integration-final/python/data/health_dataset/train/healthy/70_a692cb9e776b.jpg,train/healthy/70_a692cb9e776b.jpg,a692cb9e776b9e3bd1d4c021087d1951c74b93d828e03079312e5cc541233bf4,5842,3895,JPEG
train,healthy,healthy_stray_dogs,/Users/saber/Desktop/PI DEV/integration-final/python/data/healthy_stray_dogs/71.jpg,/Users/saber/Desktop/PI DEV/integration-final/python/data/health_dataset/train/healthy/71_f7d361e49fb1.jpg,train/healthy/71_f7d361e49fb1.jpg,f7d361e49fb1a44b8c15c73b1dad74618c01d01c1fe99e9c8f68f51468dc84a7,1470,980,JPEG
train,healthy,healthy_stray_dogs,/Users/saber/Desktop/PI DEV/integration-final/python/data/healthy_stray_dogs/75.jpg,/Users/saber/Desktop/PI DEV/integration-final/python/data/health_dataset/train/healthy/75_10fb1df0dd3f.jpg,train/healthy/75_10fb1df0dd3f.jpg,10fb1df0dd3fa767b990ce4904ff0e450bdec2999a510dafb0ee35a83b88d4e6,400,225,JPEG
train,healthy,healthy_stray_dogs,/Users/saber/Desktop/PI DEV/integration-final/python/data/healthy_stray_dogs/76.jpg,/Users/saber/Desktop/PI DEV/integration-final/python/data/health_dataset/train/healthy/76_fe96bcd95c0c.jpg,train/healthy/76_fe96bcd95c0c.jpg,fe96bcd95c0c816e49aea2c21bf14a35c962d902af3df7f92fc85e3f58ffed55,1023,682,JPEG
train,healthy,healthy_stray_dogs,/Users/saber/Desktop/PI DEV/integration-final/python/data/healthy_stray_dogs/79.jpg,/Users/saber/Desktop/PI DEV/integration-final/python/data/health_dataset/train/healthy/79_e473c7b91582.jpg,train/healthy/79_e473c7b91582.jpg,e473c7b91582f79e0192c6a52dc7f1fa27d3e22e25175a0003a164c267a9f8cd,1280,720,JPEG
train,healthy,healthy_stray_dogs,/Users/saber/Desktop/PI DEV/integration-final/python/data/healthy_stray_dogs/80.jpg,/Users/saber/Desktop/PI DEV/integration-final/python/data/health_dataset/train/healthy/80_ef4663edf6cc.jpg,train/healthy/80_ef4663edf6cc.jpg,ef4663edf6cca26b92f2212071fc8f295925e0e28cda5cdca9414d3530d232f4,612,408,JPEG
train,healthy,healthy_stray_dogs,/Users/saber/Desktop/PI DEV/integration-final/python/data/healthy_stray_dogs/81.jpg,/Users/saber/Desktop/PI DEV/integration-final/python/data/health_dataset/train/healthy/81_32a59b01bfc8.jpg,train/healthy/81_32a59b01bfc8.jpg,32a59b01bfc85df923c94f937a2d17bd1a59c5a077938eaa1aa902058e9ae374,1545,2000,PNG
train,healthy,healthy_stray_dogs,/Users/saber/Desktop/PI DEV/integration-final/python/data/healthy_stray_dogs/82.jpg,/Users/saber/Desktop/PI DEV/integration-final/python/data/health_dataset/train/healthy/82_00904d24c816.jpg,train/healthy/82_00904d24c816.jpg,00904d24c816ef79821abab1049109486172553289b32f8e07c783b6116aed7e,800,597,JPEG
train,healthy,healthy_stray_dogs,/Users/saber/Desktop/PI DEV/integration-final/python/data/healthy_stray_dogs/83.jpg,/Users/saber/Desktop/PI DEV/integration-final/python/data/health_dataset/train/healthy/83_88890dede289.jpg,train/healthy/83_88890dede289.jpg,88890dede2891a65f3163df3ce5b580e396ef04718010463b3a803c6bf899baa,1024,559,JPEG
train,healthy,healthy_stray_dogs,/Users/saber/Desktop/PI DEV/integration-final/python/data/healthy_stray_dogs/86.jpg,/Users/saber/Desktop/PI DEV/integration-final/python/data/health_dataset/train/healthy/86_7b9d9be2a2df.jpg,train/healthy/86_7b9d9be2a2df.jpg,7b9d9be2a2df0314d3deecc0fea22f461e258e465b71b9659c21b30ea53a4366,1600,1166,JPEG
train,healthy,healthy_stray_dogs,/Users/saber/Desktop/PI DEV/integration-final/python/data/healthy_stray_dogs/87.jpg,/Users/saber/Desktop/PI DEV/integration-final/python/data/health_dataset/train/healthy/87_d736dfc90781.jpg,train/healthy/87_d736dfc90781.jpg,d736dfc907814a31e975dc10ca0e3aed6a2cdb274ce80e5d3f1839fe36522108,436,268,PNG
train,healthy,healthy_stray_dogs,/Users/saber/Desktop/PI DEV/integration-final/python/data/healthy_stray_dogs/88.jpg,/Users/saber/Desktop/PI DEV/integration-final/python/data/health_dataset/train/healthy/88_1da2d9b277c6.jpg,train/healthy/88_1da2d9b277c6.jpg,1da2d9b277c67acd0db79c176a4228cd0b6aae406654a1803f48f2063fbd0c4a,480,270,WEBP
train,healthy,healthy_stray_dogs,/Users/saber/Desktop/PI DEV/integration-final/python/data/healthy_stray_dogs/89.jpg,/Users/saber/Desktop/PI DEV/integration-final/python/data/health_dataset/train/healthy/89_52990d7043d3.jpg,train/healthy/89_52990d7043d3.jpg,52990d7043d306cf6dc1f3274200c59fc4495861264c4d8a42911b586104e791,1200,800,JPEG
train,healthy,healthy_stray_dogs,/Users/saber/Desktop/PI DEV/integration-final/python/data/healthy_stray_dogs/90.jpg,/Users/saber/Desktop/PI DEV/integration-final/python/data/health_dataset/train/healthy/90_1c1a0c2f1484.jpg,train/healthy/90_1c1a0c2f1484.jpg,1c1a0c2f1484e255b32b9e30ba85aab444b74e124b27f1fe372821d453659040,1200,800,PNG
train,healthy,healthy_stray_dogs,/Users/saber/Desktop/PI DEV/integration-final/python/data/healthy_stray_dogs/91.jpg,/Users/saber/Desktop/PI DEV/integration-final/python/data/health_dataset/train/healthy/91_4696cde22357.jpg,train/healthy/91_4696cde22357.jpg,4696cde22357efa62c1cfd2de823e9664511b64ccc1458927bb6b0038383c14e,640,360,JPEG
train,healthy,healthy_stray_dogs,/Users/saber/Desktop/PI DEV/integration-final/python/data/healthy_stray_dogs/92.jpg,/Users/saber/Desktop/PI DEV/integration-final/python/data/health_dataset/train/healthy/92_6846a081e21d.jpg,train/healthy/92_6846a081e21d.jpg,6846a081e21d8cd8047b1c845a4e41640301741db0ac6c5dc8e00b2aa9715647,390,280,JPEG
train,healthy,healthy_stray_dogs,/Users/saber/Desktop/PI DEV/integration-final/python/data/healthy_stray_dogs/93.jpg,/Users/saber/Desktop/PI DEV/integration-final/python/data/health_dataset/train/healthy/93_b9c9ae250563.jpg,train/healthy/93_b9c9ae250563.jpg,b9c9ae2505638479950201966e0754cba5531789eb5a6fde9d9efb87faa20663,800,448,WEBP
train,healthy,healthy_stray_dogs,/Users/saber/Desktop/PI DEV/integration-final/python/data/healthy_stray_dogs/94.jpg,/Users/saber/Desktop/PI DEV/integration-final/python/data/health_dataset/train/healthy/94_d69bc88c0f29.jpg,train/healthy/94_d69bc88c0f29.jpg,d69bc88c0f2985e0119194d464f37093b313a201faa0a00a364cf7a673afc679,348,348,JPEG
train,healthy,healthy_stray_dogs,/Users/saber/Desktop/PI DEV/integration-final/python/data/healthy_stray_dogs/95.jpg,/Users/saber/Desktop/PI DEV/integration-final/python/data/health_dataset/train/healthy/95_2417fad9746c.jpg,train/healthy/95_2417fad9746c.jpg,2417fad9746c7b92bbd8c0c11c6fe8d2f4103aa8a80f92ec8bba6098f39494e7,600,331,JPEG
train,healthy,healthy_stray_dogs,/Users/saber/Desktop/PI DEV/integration-final/python/data/healthy_stray_dogs/96.jpg,/Users/saber/Desktop/PI DEV/integration-final/python/data/health_dataset/train/healthy/96_fed0c1ec3523.jpg,train/healthy/96_fed0c1ec3523.jpg,fed0c1ec352313b6bb3de1c69d3dcbce47dd26df5799e913945d85688cd6af8e,1024,1365,JPEG
train,healthy,healthy_stray_dogs,/Users/saber/Desktop/PI DEV/integration-final/python/data/healthy_stray_dogs/99.jpg,/Users/saber/Desktop/PI DEV/integration-final/python/data/health_dataset/train/healthy/99_0f7abb6fed37.jpg,train/healthy/99_0f7abb6fed37.jpg,0f7abb6fed37f7d3c3e4614a81895d6295df754e52d00f4ff5c800c28082fbf0,1080,1080,PNG
train,ill,contagious_stray_dogs,/Users/saber/Desktop/PI DEV/integration-final/python/data/contagious_stray_dogs/100.jpg,/Users/saber/Desktop/PI DEV/integration-final/python/data/health_dataset/train/ill/100_3e8cec9b35c3.jpg,train/ill/100_3e8cec9b35c3.jpg,3e8cec9b35c300356269aeda67665f7c391498ed2f54211a031a10a0e72889fe,800,1000,JPEG
train,ill,contagious_stray_dogs,/Users/saber/Desktop/PI DEV/integration-final/python/data/contagious_stray_dogs/102.jpg,/Users/saber/Desktop/PI DEV/integration-final/python/data/health_dataset/train/ill/102_bb8295559617.jpg,train/ill/102_bb8295559617.jpg,bb829555961758c5ff68540084189937bb9db08c7603ab9c27d597c25a9da09d,1024,724,WEBP
train,ill,contagious_stray_dogs,/Users/saber/Desktop/PI DEV/integration-final/python/data/contagious_stray_dogs/103.jpg,/Users/saber/Desktop/PI DEV/integration-final/python/data/health_dataset/train/ill/103_5f3a892f6c45.jpg,train/ill/103_5f3a892f6c45.jpg,5f3a892f6c452d18791a697d0231329ad3e1daa47f954dd076be53281c444879,1778,2000,JPEG
train,ill,contagious_stray_dogs,/Users/saber/Desktop/PI DEV/integration-final/python/data/contagious_stray_dogs/104.jpg,/Users/saber/Desktop/PI DEV/integration-final/python/data/health_dataset/train/ill/104_878fa3417ab7.jpg,train/ill/104_878fa3417ab7.jpg,878fa3417ab7dde62ddf72b1c6cf3c9264201f8c583958d8abfb973f6429c614,1080,1080,JPEG
train,ill,contagious_stray_dogs,/Users/saber/Desktop/PI DEV/integration-final/python/data/contagious_stray_dogs/107.jpg,/Users/saber/Desktop/PI DEV/integration-final/python/data/health_dataset/train/ill/107_6bce3723993b.jpg,train/ill/107_6bce3723993b.jpg,6bce3723993bf096365066708f0a08ccea5b23f0ca90cca36550b727148a0e24,1000,805,JPEG
train,ill,contagious_stray_dogs,/Users/saber/Desktop/PI DEV/integration-final/python/data/contagious_stray_dogs/111.jpg,/Users/saber/Desktop/PI DEV/integration-final/python/data/health_dataset/train/ill/111_2f3aace44899.jpg,train/ill/111_2f3aace44899.jpg,2f3aace4489965b30ff39f55f909aa5f9f50243a443e9d9c789748ab347997a3,610,324,JPEG
train,ill,contagious_stray_dogs,/Users/saber/Desktop/PI DEV/integration-final/python/data/contagious_stray_dogs/113.jpg,/Users/saber/Desktop/PI DEV/integration-final/python/data/health_dataset/train/ill/113_e3c1c996e92d.jpg,train/ill/113_e3c1c996e92d.jpg,e3c1c996e92d73275c41b4485e9fb2c7a70146ea11d57e54b87e4ae651db5dbd,696,398,JPEG
train,ill,contagious_stray_dogs,/Users/saber/Desktop/PI DEV/integration-final/python/data/contagious_stray_dogs/116.jpg,/Users/saber/Desktop/PI DEV/integration-final/python/data/health_dataset/train/ill/116_a7171a99c6e4.jpg,train/ill/116_a7171a99c6e4.jpg,a7171a99c6e428b8833772c744dd6d8ec4b94d168ac09136fc820b5242d65817,460,345,JPEG
train,ill,contagious_stray_dogs,/Users/saber/Desktop/PI DEV/integration-final/python/data/contagious_stray_dogs/118.jpg,/Users/saber/Desktop/PI DEV/integration-final/python/data/health_dataset/train/ill/118_40e0c40b4247.jpg,train/ill/118_40e0c40b4247.jpg,40e0c40b42478124bc8a944274654f37c9528a3640a4e9fcaf2d32c4a2ecce98,736,1840,JPEG
train,ill,contagious_stray_dogs,/Users/saber/Desktop/PI DEV/integration-final/python/data/contagious_stray_dogs/119.jpg,/Users/saber/Desktop/PI DEV/integration-final/python/data/health_dataset/train/ill/119_0dd56cf0fe9a.jpg,train/ill/119_0dd56cf0fe9a.jpg,0dd56cf0fe9ae91e963054f4f4e53befdf95314ecf0e68758b97469c781accf4,690,388,JPEG
train,ill,contagious_stray_dogs,/Users/saber/Desktop/PI DEV/integration-final/python/data/contagious_stray_dogs/11.jpg,/Users/saber/Desktop/PI DEV/integration-final/python/data/health_dataset/train/ill/11_ad7e76f12776.jpg,train/ill/11_ad7e76f12776.jpg,ad7e76f127763d3c665ce50a751718789f35d19f5b0a653ca196d5b06acefdbc,866,1390,JPEG
train,ill,contagious_stray_dogs,/Users/saber/Desktop/PI DEV/integration-final/python/data/contagious_stray_dogs/121.jpg,/Users/saber/Desktop/PI DEV/integration-final/python/data/health_dataset/train/ill/121_94479a58b723.jpg,train/ill/121_94479a58b723.jpg,94479a58b72329298f7f3064065dd4ff390b03bef791371dc4b5b0be8d4ce733,840,1154,JPEG
train,ill,contagious_stray_dogs,/Users/saber/Desktop/PI DEV/integration-final/python/data/contagious_stray_dogs/123.jpg,/Users/saber/Desktop/PI DEV/integration-final/python/data/health_dataset/train/ill/123_ed074ecaee07.jpg,train/ill/123_ed074ecaee07.jpg,ed074ecaee0750b4279863f9aacf431f163eb691c7ffab54564b21902d8880dd,1536,1154,JPEG
train,ill,contagious_stray_dogs,/Users/saber/Desktop/PI DEV/integration-final/python/data/contagious_stray_dogs/124.jpg,/Users/saber/Desktop/PI DEV/integration-final/python/data/health_dataset/train/ill/124_c8f6b9fe52eb.jpg,train/ill/124_c8f6b9fe52eb.jpg,c8f6b9fe52eb658545cd4b331d93cf1c8a6523708b8afe95864ffa683790a0fb,397,2560,JPEG
train,ill,contagious_stray_dogs,/Users/saber/Desktop/PI DEV/integration-final/python/data/contagious_stray_dogs/125.jpg,/Users/saber/Desktop/PI DEV/integration-final/python/data/health_dataset/train/ill/125_e0e65339f5fd.jpg,train/ill/125_e0e65339f5fd.jpg,e0e65339f5fd45ee97065a8364d354caa3c890b227dc21ce14c6d04176663e48,690,460,JPEG
train,ill,contagious_stray_dogs,/Users/saber/Desktop/PI DEV/integration-final/python/data/contagious_stray_dogs/126.jpg,/Users/saber/Desktop/PI DEV/integration-final/python/data/health_dataset/train/ill/126_187fbade514b.jpg,train/ill/126_187fbade514b.jpg,187fbade514bf72175392f1672b42afceb07f76adf73784856a9418cc4dfd6cf,1920,1271,JPEG
train,ill,contagious_stray_dogs,/Users/saber/Desktop/PI DEV/integration-final/python/data/contagious_stray_dogs/127.jpg,/Users/saber/Desktop/PI DEV/integration-final/python/data/health_dataset/train/ill/127_09d7c2ec764c.jpg,train/ill/127_09d7c2ec764c.jpg,09d7c2ec764cc4731b6b9ba4666374aff62c0b38b9ffdbd04c58e1bb5d758fd1,800,534,JPEG
train,ill,contagious_stray_dogs,/Users/saber/Desktop/PI DEV/integration-final/python/data/contagious_stray_dogs/12.jpg,/Users/saber/Desktop/PI DEV/integration-final/python/data/health_dataset/train/ill/12_b1deee81a36f.jpg,train/ill/12_b1deee81a36f.jpg,b1deee81a36f2a5deb21dcb2a6320c93ffcea63146da33a5161c0077c58ff076,800,533,PNG
train,ill,contagious_stray_dogs,/Users/saber/Desktop/PI DEV/integration-final/python/data/contagious_stray_dogs/130.jpg,/Users/saber/Desktop/PI DEV/integration-final/python/data/health_dataset/train/ill/130_312a791cb0ac.jpg,train/ill/130_312a791cb0ac.jpg,312a791cb0acf901cb471fb2f05d968c6967e8f7880b5da4c6d310788737bae1,2480,3543,JPEG
train,ill,contagious_stray_dogs,/Users/saber/Desktop/PI DEV/integration-final/python/data/contagious_stray_dogs/133.jpg,/Users/saber/Desktop/PI DEV/integration-final/python/data/health_dataset/train/ill/133_2978162f2ee1.jpg,train/ill/133_2978162f2ee1.jpg,2978162f2ee116f8720d03177e6cdc034a04e272ba987a6ea4fbcb6d8b3f5231,1024,614,JPEG
train,ill,contagious_stray_dogs,/Users/saber/Desktop/PI DEV/integration-final/python/data/contagious_stray_dogs/134.jpg,/Users/saber/Desktop/PI DEV/integration-final/python/data/health_dataset/train/ill/134_556e060272a9.jpg,train/ill/134_556e060272a9.jpg,556e060272a91beddc2eb60298d9c0d63615b11da1d5838be8dfe803094e64d6,1920,1200,JPEG
train,ill,contagious_stray_dogs,/Users/saber/Desktop/PI DEV/integration-final/python/data/contagious_stray_dogs/136.jpg,/Users/saber/Desktop/PI DEV/integration-final/python/data/health_dataset/train/ill/136_1367290556ba.jpg,train/ill/136_1367290556ba.jpg,1367290556baa6866ad29014634c483abf9954b4ebd101bac8b0c546f3ec5fec,468,568,PNG
train,ill,contagious_stray_dogs,/Users/saber/Desktop/PI DEV/integration-final/python/data/contagious_stray_dogs/139.jpg,/Users/saber/Desktop/PI DEV/integration-final/python/data/health_dataset/train/ill/139_b7eb7ec8ecc4.jpg,train/ill/139_b7eb7ec8ecc4.jpg,b7eb7ec8ecc4716f9c3e15093c5aa80cdfbbc7136b66cbd5620bc7025a0de814,640,853,JPEG
train,ill,contagious_stray_dogs,/Users/saber/Desktop/PI DEV/integration-final/python/data/contagious_stray_dogs/13.jpg,/Users/saber/Desktop/PI DEV/integration-final/python/data/health_dataset/train/ill/13_ce8d00d19833.jpg,train/ill/13_ce8d00d19833.jpg,ce8d00d19833ea983c4a991df99dee73d38ba6769fc3d95e854137b0ce92575e,700,467,JPEG
train,ill,contagious_stray_dogs,/Users/saber/Desktop/PI DEV/integration-final/python/data/contagious_stray_dogs/140.jpg,/Users/saber/Desktop/PI DEV/integration-final/python/data/health_dataset/train/ill/140_d41f94d659d4.jpg,train/ill/140_d41f94d659d4.jpg,d41f94d659d426abda3dfb40ecc5510aa31329c6bca0e8b5664518e52361e849,975,892,JPEG
train,ill,contagious_stray_dogs,/Users/saber/Desktop/PI DEV/integration-final/python/data/contagious_stray_dogs/144.jpg,/Users/saber/Desktop/PI DEV/integration-final/python/data/health_dataset/train/ill/144_a57b6a9a6bc6.jpg,train/ill/144_a57b6a9a6bc6.jpg,a57b6a9a6bc67f6e84c9094b9ccb90158ddf6bec4ed9aaf85943672004c042f3,331,480,PNG
train,ill,contagious_stray_dogs,/Users/saber/Desktop/PI DEV/integration-final/python/data/contagious_stray_dogs/145.jpg,/Users/saber/Desktop/PI DEV/integration-final/python/data/health_dataset/train/ill/145_06edf4189cd7.jpg,train/ill/145_06edf4189cd7.jpg,06edf4189cd7631072ab1f48bb6af2d9473120198934b0d7638811e1d3ced3ad,2000,1125,PNG
train,ill,contagious_stray_dogs,/Users/saber/Desktop/PI DEV/integration-final/python/data/contagious_stray_dogs/147.jpg,/Users/saber/Desktop/PI DEV/integration-final/python/data/health_dataset/train/ill/147_c7dd61bd449b.jpg,train/ill/147_c7dd61bd449b.jpg,c7dd61bd449b780ef0301881e6126bcd05146e6a6908491c412c405fea056ca2,1024,576,WEBP
train,ill,contagious_stray_dogs,/Users/saber/Desktop/PI DEV/integration-final/python/data/contagious_stray_dogs/150.jpg,/Users/saber/Desktop/PI DEV/integration-final/python/data/health_dataset/train/ill/150_9c0bd6e5640c.jpg,train/ill/150_9c0bd6e5640c.jpg,9c0bd6e5640c7790958ff04a1abcf45b6ff9c8ae852b0e06911dfcccfd557ffe,1500,1000,WEBP
train,ill,contagious_stray_dogs,/Users/saber/Desktop/PI DEV/integration-final/python/data/contagious_stray_dogs/151.jpg,/Users/saber/Desktop/PI DEV/integration-final/python/data/health_dataset/train/ill/151_c4ebb63e4447.jpg,train/ill/151_c4ebb63e4447.jpg,c4ebb63e4447b824e99ca34cb459761fe7f84206c24d42dfebb7e32d8139b83d,700,1244,PNG
train,ill,contagious_stray_dogs,/Users/saber/Desktop/PI DEV/integration-final/python/data/contagious_stray_dogs/152.jpg,/Users/saber/Desktop/PI DEV/integration-final/python/data/health_dataset/train/ill/152_98a940a99fcd.jpg,train/ill/152_98a940a99fcd.jpg,98a940a99fcd2478536551c109454fd2aa9ff99eb16b7cdc04675050ed2a2548,1000,661,WEBP
train,ill,contagious_stray_dogs,/Users/saber/Desktop/PI DEV/integration-final/python/data/contagious_stray_dogs/157.jpg,/Users/saber/Desktop/PI DEV/integration-final/python/data/health_dataset/train/ill/157_bd495db3fc39.jpg,train/ill/157_bd495db3fc39.jpg,bd495db3fc39e4728bf7075f32cd45413ca28e398397113c5ca0adb2ec515bf0,1280,720,JPEG
train,ill,contagious_stray_dogs,/Users/saber/Desktop/PI DEV/integration-final/python/data/contagious_stray_dogs/158.jpg,/Users/saber/Desktop/PI DEV/integration-final/python/data/health_dataset/train/ill/158_ac830578f3e7.jpg,train/ill/158_ac830578f3e7.jpg,ac830578f3e7e3625c474051a671abd6d3c3f23fbcebf44e441f95ebcffc48e3,460,345,JPEG
train,ill,contagious_stray_dogs,/Users/saber/Desktop/PI DEV/integration-final/python/data/contagious_stray_dogs/159.jpg,/Users/saber/Desktop/PI DEV/integration-final/python/data/health_dataset/train/ill/159_87c1063df748.jpg,train/ill/159_87c1063df748.jpg,87c1063df7488663a879e963ef778c5c9ad4e107f60c56b445d390f8162cf4af,1200,1200,JPEG
train,ill,contagious_stray_dogs,/Users/saber/Desktop/PI DEV/integration-final/python/data/contagious_stray_dogs/160.jpg,/Users/saber/Desktop/PI DEV/integration-final/python/data/health_dataset/train/ill/160_078439ed843e.jpg,train/ill/160_078439ed843e.jpg,078439ed843eb883a87550863b80cc149ea88f51603dca353e57a23710e2dfe5,1920,1200,JPEG
train,ill,contagious_stray_dogs,/Users/saber/Desktop/PI DEV/integration-final/python/data/contagious_stray_dogs/161.jpg,/Users/saber/Desktop/PI DEV/integration-final/python/data/health_dataset/train/ill/161_192207ccc613.jpg,train/ill/161_192207ccc613.jpg,192207ccc613667f989eae47543e1b4927f0cdc6ac8e9dd5fc324c10532b72a7,768,427,JPEG
train,ill,contagious_stray_dogs,/Users/saber/Desktop/PI DEV/integration-final/python/data/contagious_stray_dogs/162.jpg,/Users/saber/Desktop/PI DEV/integration-final/python/data/health_dataset/train/ill/162_fc6de03ca2f9.jpg,train/ill/162_fc6de03ca2f9.jpg,fc6de03ca2f9966b0f41b74c9311fafc93ec95ce4273b4da814844268ebab3df,800,350,PNG
train,ill,contagious_stray_dogs,/Users/saber/Desktop/PI DEV/integration-final/python/data/contagious_stray_dogs/164.jpg,/Users/saber/Desktop/PI DEV/integration-final/python/data/health_dataset/train/ill/164_541a526db60b.jpg,train/ill/164_541a526db60b.jpg,541a526db60b64c0ca90808d65a91d097a701c62d726cbfeb3f33b5c9bbf9382,3500,2524,JPEG
train,ill,contagious_stray_dogs,/Users/saber/Desktop/PI DEV/integration-final/python/data/contagious_stray_dogs/165.jpg,/Users/saber/Desktop/PI DEV/integration-final/python/data/health_dataset/train/ill/165_474584bd145a.jpg,train/ill/165_474584bd145a.jpg,474584bd145adbfe72b31d4005fbc4add08e7ba9c2008b7b72968bd0df9399a5,1200,1603,JPEG
train,ill,contagious_stray_dogs,/Users/saber/Desktop/PI DEV/integration-final/python/data/contagious_stray_dogs/169.jpg,/Users/saber/Desktop/PI DEV/integration-final/python/data/health_dataset/train/ill/169_56ec63deb34d.jpg,train/ill/169_56ec63deb34d.jpg,56ec63deb34d604d6e9a0d27d386a2eb213097f144649c1714c8016ef9ba575e,696,371,JPEG
train,ill,contagious_stray_dogs,/Users/saber/Desktop/PI DEV/integration-final/python/data/contagious_stray_dogs/170.jpg,/Users/saber/Desktop/PI DEV/integration-final/python/data/health_dataset/train/ill/170_75cea7cbc8e1.jpg,train/ill/170_75cea7cbc8e1.jpg,75cea7cbc8e110480ea8941fdac97a60c24d385524017219641ea565f640dec6,960,540,JPEG
train,ill,contagious_stray_dogs,/Users/saber/Desktop/PI DEV/integration-final/python/data/contagious_stray_dogs/171.jpg,/Users/saber/Desktop/PI DEV/integration-final/python/data/health_dataset/train/ill/171_be6201cde31c.jpg,train/ill/171_be6201cde31c.jpg,be6201cde31c61e1936b4fdb6f1bd84c85189f6ed99eb411147b7c4c5663b20e,862,575,JPEG
train,ill,contagious_stray_dogs,/Users/saber/Desktop/PI DEV/integration-final/python/data/contagious_stray_dogs/174.jpg,/Users/saber/Desktop/PI DEV/integration-final/python/data/health_dataset/train/ill/174_2d158dfff051.jpg,train/ill/174_2d158dfff051.jpg,2d158dfff05184a314207b49ff44ec8a417b912bca6bead25715b8cbcc2a6723,728,970,JPEG
train,ill,contagious_stray_dogs,/Users/saber/Desktop/PI DEV/integration-final/python/data/contagious_stray_dogs/177.jpg,/Users/saber/Desktop/PI DEV/integration-final/python/data/health_dataset/train/ill/177_040c21cb6cfa.jpg,train/ill/177_040c21cb6cfa.jpg,040c21cb6cfaa44aeebd343366f1187a7cbd2d49d606d8cbe2af93244e67cb66,800,594,JPEG
train,ill,contagious_stray_dogs,/Users/saber/Desktop/PI DEV/integration-final/python/data/contagious_stray_dogs/179.jpg,/Users/saber/Desktop/PI DEV/integration-final/python/data/health_dataset/train/ill/179_43954e443965.jpg,train/ill/179_43954e443965.jpg,43954e4439650e9f38e4c88fb42830ecf5e9614d9c5947d8741c1ccae0e89221,3000,1687,JPEG
train,ill,contagious_stray_dogs,/Users/saber/Desktop/PI DEV/integration-final/python/data/contagious_stray_dogs/17.jpg,/Users/saber/Desktop/PI DEV/integration-final/python/data/health_dataset/train/ill/17_513b9ad53c9a.jpg,train/ill/17_513b9ad53c9a.jpg,513b9ad53c9ac1bef0a8cd04483c25a255b5592fb73a4039b2141c3dd243fa7f,700,1049,JPEG
train,ill,contagious_stray_dogs,/Users/saber/Desktop/PI DEV/integration-final/python/data/contagious_stray_dogs/180.jpg,/Users/saber/Desktop/PI DEV/integration-final/python/data/health_dataset/train/ill/180_7bb12ab1ca5c.jpg,train/ill/180_7bb12ab1ca5c.jpg,7bb12ab1ca5cb1c0415c40ebb7a4fbd3aa5b115d78f6e871f963cfd1e5eba888,300,300,PNG
train,ill,contagious_stray_dogs,/Users/saber/Desktop/PI DEV/integration-final/python/data/contagious_stray_dogs/181.jpg,/Users/saber/Desktop/PI DEV/integration-final/python/data/health_dataset/train/ill/181_6143b2d420cd.jpg,train/ill/181_6143b2d420cd.jpg,6143b2d420cd3bb0732fba9c9836c637bb7103c6cd56c463a6d70f08ae4c1f23,1872,2600,JPEG
train,ill,contagious_stray_dogs,/Users/saber/Desktop/PI DEV/integration-final/python/data/contagious_stray_dogs/183.jpg,/Users/saber/Desktop/PI DEV/integration-final/python/data/health_dataset/train/ill/183_6c206375eb61.jpg,train/ill/183_6c206375eb61.jpg,6c206375eb61fe9e145e941208320e8479081e4ae3e5a3529fe3644a6fdedf72,1024,684,JPEG
train,ill,contagious_stray_dogs,/Users/saber/Desktop/PI DEV/integration-final/python/data/contagious_stray_dogs/186.jpg,/Users/saber/Desktop/PI DEV/integration-final/python/data/health_dataset/train/ill/186_e11d75eb2847.jpg,train/ill/186_e11d75eb2847.jpg,e11d75eb28479bb0532b4c00f98bc948ea36fe0b2e04f00f46387cbe46d2e2e0,800,1200,JPEG
train,ill,contagious_stray_dogs,/Users/saber/Desktop/PI DEV/integration-final/python/data/contagious_stray_dogs/188.jpg,/Users/saber/Desktop/PI DEV/integration-final/python/data/health_dataset/train/ill/188_b548f5a94d34.jpg,train/ill/188_b548f5a94d34.jpg,b548f5a94d340abe52ce9de1e0c1c69db80f7fbae8b70f15307f7b0bb5b8337c,1600,900,JPEG
train,ill,contagious_stray_dogs,/Users/saber/Desktop/PI DEV/integration-final/python/data/contagious_stray_dogs/191.jpg,/Users/saber/Desktop/PI DEV/integration-final/python/data/health_dataset/train/ill/191_12a967017633.jpg,train/ill/191_12a967017633.jpg,12a967017633a9daeb396bc7e09ee84a455229d365a31ae5fc6eeeece5a7d559,1080,1080,JPEG
train,ill,contagious_stray_dogs,/Users/saber/Desktop/PI DEV/integration-final/python/data/contagious_stray_dogs/192.jpg,/Users/saber/Desktop/PI DEV/integration-final/python/data/health_dataset/train/ill/192_05488ebc9891.jpg,train/ill/192_05488ebc9891.jpg,05488ebc989185cdbfddd7f477ab6c5c5aee82095442b4b1b855ffc080a6f798,840,560,JPEG
train,ill,contagious_stray_dogs,/Users/saber/Desktop/PI DEV/integration-final/python/data/contagious_stray_dogs/194.jpg,/Users/saber/Desktop/PI DEV/integration-final/python/data/health_dataset/train/ill/194_cc2707544dc0.jpg,train/ill/194_cc2707544dc0.jpg,cc2707544dc00cdee54d5853255d7c24e233cd2f3f206c30bf4b6f51e24ac53b,1200,628,JPEG
train,ill,contagious_stray_dogs,/Users/saber/Desktop/PI DEV/integration-final/python/data/contagious_stray_dogs/196.jpg,/Users/saber/Desktop/PI DEV/integration-final/python/data/health_dataset/train/ill/196_33785e4cb45e.jpg,train/ill/196_33785e4cb45e.jpg,33785e4cb45e2fb6cfb57ca6a54b18fa154a77770bef44467f37e11e29f3a89e,685,250,PNG
train,ill,contagious_stray_dogs,/Users/saber/Desktop/PI DEV/integration-final/python/data/contagious_stray_dogs/197.jpg,/Users/saber/Desktop/PI DEV/integration-final/python/data/health_dataset/train/ill/197_e3dd4950fda2.jpg,train/ill/197_e3dd4950fda2.jpg,e3dd4950fda2d53316df9e83f18ff05190cc15831095e28d13c7abaf8acd97ff,1200,630,JPEG
train,ill,contagious_stray_dogs,/Users/saber/Desktop/PI DEV/integration-final/python/data/contagious_stray_dogs/198.jpg,/Users/saber/Desktop/PI DEV/integration-final/python/data/health_dataset/train/ill/198_413ba8754b4f.jpg,train/ill/198_413ba8754b4f.jpg,413ba8754b4f02b8085dcec6b936b0616d9f79ce92959c723b11995d4e191182,400,240,JPEG
train,ill,contagious_stray_dogs,/Users/saber/Desktop/PI DEV/integration-final/python/data/contagious_stray_dogs/19.jpg,/Users/saber/Desktop/PI DEV/integration-final/python/data/health_dataset/train/ill/19_8c32ebf69287.jpg,train/ill/19_8c32ebf69287.jpg,8c32ebf69287ac633250d17e02c01917977851fe5d6af259617533e1aae75c9d,670,747,JPEG
train,ill,contagious_stray_dogs,/Users/saber/Desktop/PI DEV/integration-final/python/data/contagious_stray_dogs/1.jpg,/Users/saber/Desktop/PI DEV/integration-final/python/data/health_dataset/train/ill/1_728d1d6578df.jpg,train/ill/1_728d1d6578df.jpg,728d1d6578df26eb442156ca03726f4b80df3ad7ec33cdb4cec4664af40ffc35,500,333,JPEG
train,ill,contagious_stray_dogs,/Users/saber/Desktop/PI DEV/integration-final/python/data/contagious_stray_dogs/22.jpg,/Users/saber/Desktop/PI DEV/integration-final/python/data/health_dataset/train/ill/22_6a50d98b5324.jpg,train/ill/22_6a50d98b5324.jpg,6a50d98b532476193791ac5e0d79f332871d7d2f6ef7593e3b5fd3dd8629c3c5,759,1024,JPEG
train,ill,contagious_stray_dogs,/Users/saber/Desktop/PI DEV/integration-final/python/data/contagious_stray_dogs/25.jpg,/Users/saber/Desktop/PI DEV/integration-final/python/data/health_dataset/train/ill/25_d54953900f9c.jpg,train/ill/25_d54953900f9c.jpg,d54953900f9c2086a0b2fa5db48883686dd7b726fa6b4380b797ba4b2ddbfb70,866,1390,JPEG
train,ill,contagious_stray_dogs,/Users/saber/Desktop/PI DEV/integration-final/python/data/contagious_stray_dogs/26.jpg,/Users/saber/Desktop/PI DEV/integration-final/python/data/health_dataset/train/ill/26_4c6b0d7db8cd.jpg,train/ill/26_4c6b0d7db8cd.jpg,4c6b0d7db8cdd25518b6e2615bbfcf9ed78c369dd9f1a5268c87138cfe5ac6f3,800,534,JPEG
train,ill,contagious_stray_dogs,/Users/saber/Desktop/PI DEV/integration-final/python/data/contagious_stray_dogs/28.jpg,/Users/saber/Desktop/PI DEV/integration-final/python/data/health_dataset/train/ill/28_e6cd25b68308.jpg,train/ill/28_e6cd25b68308.jpg,e6cd25b68308d9764c9d81dc2739859aab65af83d897e02622c1ab403a9bd909,700,500,JPEG
train,ill,contagious_stray_dogs,/Users/saber/Desktop/PI DEV/integration-final/python/data/contagious_stray_dogs/29.jpg,/Users/saber/Desktop/PI DEV/integration-final/python/data/health_dataset/train/ill/29_4f47966684ba.jpg,train/ill/29_4f47966684ba.jpg,4f47966684babd5910ee281023115afd9c7429549458ac040ed1fa30d7d96f8c,400,600,JPEG
train,ill,contagious_stray_dogs,/Users/saber/Desktop/PI DEV/integration-final/python/data/contagious_stray_dogs/2.jpg,/Users/saber/Desktop/PI DEV/integration-final/python/data/health_dataset/train/ill/2_5367021c2ba4.jpg,train/ill/2_5367021c2ba4.jpg,5367021c2ba4d2c1716023a50927690c7b53315f03ac1286fc052c2be7ea6304,640,456,JPEG
train,ill,contagious_stray_dogs,/Users/saber/Desktop/PI DEV/integration-final/python/data/contagious_stray_dogs/31.jpg,/Users/saber/Desktop/PI DEV/integration-final/python/data/health_dataset/train/ill/31_8957b3808106.jpg,train/ill/31_8957b3808106.jpg,8957b3808106af41f916e7a88aace9443df9de608349c6d1582e558f44ec1dd5,612,459,JPEG
train,ill,contagious_stray_dogs,/Users/saber/Desktop/PI DEV/integration-final/python/data/contagious_stray_dogs/33.jpg,/Users/saber/Desktop/PI DEV/integration-final/python/data/health_dataset/train/ill/33_863c065e0b4e.jpg,train/ill/33_863c065e0b4e.jpg,863c065e0b4e9e36b115f1407bc033097cce78771c25166f73feba324fb64d88,686,386,JPEG
train,ill,contagious_stray_dogs,/Users/saber/Desktop/PI DEV/integration-final/python/data/contagious_stray_dogs/34.jpg,/Users/saber/Desktop/PI DEV/integration-final/python/data/health_dataset/train/ill/34_f58eb37ea2c9.jpg,train/ill/34_f58eb37ea2c9.jpg,f58eb37ea2c973c5287cefe9fde8c3bb2a25076ef462af78b87237f16ec9e273,800,534,JPEG
train,ill,contagious_stray_dogs,/Users/saber/Desktop/PI DEV/integration-final/python/data/contagious_stray_dogs/36.jpg,/Users/saber/Desktop/PI DEV/integration-final/python/data/health_dataset/train/ill/36_451738d1d88b.jpg,train/ill/36_451738d1d88b.jpg,451738d1d88b61215e2c623fe34571b8a7d8f7b8b9f620e2cef513ceb6f9c128,1300,958,JPEG
train,ill,contagious_stray_dogs,/Users/saber/Desktop/PI DEV/integration-final/python/data/contagious_stray_dogs/3.jpg,/Users/saber/Desktop/PI DEV/integration-final/python/data/health_dataset/train/ill/3_e44084d3a8b2.jpg,train/ill/3_e44084d3a8b2.jpg,e44084d3a8b2459d708855c54615dc5e32b4f8cf48c1f765b305a46aadbd9424,640,960,JPEG
train,ill,contagious_stray_dogs,/Users/saber/Desktop/PI DEV/integration-final/python/data/contagious_stray_dogs/41.jpg,/Users/saber/Desktop/PI DEV/integration-final/python/data/health_dataset/train/ill/41_cabc3fe8b783.jpg,train/ill/41_cabc3fe8b783.jpg,cabc3fe8b7837309ffd1a6143a0136f9f4dddfdba3f8d1f7123435ae6c1d9f99,390,280,JPEG
train,ill,contagious_stray_dogs,/Users/saber/Desktop/PI DEV/integration-final/python/data/contagious_stray_dogs/49.jpg,/Users/saber/Desktop/PI DEV/integration-final/python/data/health_dataset/train/ill/49_e8091a66a1d5.jpg,train/ill/49_e8091a66a1d5.jpg,e8091a66a1d5029a780dcadd33a60d592bef9dbf2ad14fe5c798895571d3712c,1050,788,JPEG
train,ill,contagious_stray_dogs,/Users/saber/Desktop/PI DEV/integration-final/python/data/contagious_stray_dogs/50.jpg,/Users/saber/Desktop/PI DEV/integration-final/python/data/health_dataset/train/ill/50_719daa93124d.jpg,train/ill/50_719daa93124d.jpg,719daa93124de5099f925faaac8b1862a6bdfac4ea1a1fc1311699239f5f60d9,1024,683,JPEG
train,ill,contagious_stray_dogs,/Users/saber/Desktop/PI DEV/integration-final/python/data/contagious_stray_dogs/52.jpg,/Users/saber/Desktop/PI DEV/integration-final/python/data/health_dataset/train/ill/52_ac06969dd1ac.jpg,train/ill/52_ac06969dd1ac.jpg,ac06969dd1ac6406121e38282ebb570171e0d5ff7c7b3ee338459cb664a3af95,608,667,JPEG
train,ill,contagious_stray_dogs,/Users/saber/Desktop/PI DEV/integration-final/python/data/contagious_stray_dogs/55.jpg,/Users/saber/Desktop/PI DEV/integration-final/python/data/health_dataset/train/ill/55_309322c9825a.jpg,train/ill/55_309322c9825a.jpg,309322c9825a29085c3b095a8a023043e618d9699b33d6229aba209913f52dbd,1000,1000,JPEG
train,ill,contagious_stray_dogs,/Users/saber/Desktop/PI DEV/integration-final/python/data/contagious_stray_dogs/57.jpg,/Users/saber/Desktop/PI DEV/integration-final/python/data/health_dataset/train/ill/57_a0ad9a1ec3bc.jpg,train/ill/57_a0ad9a1ec3bc.jpg,a0ad9a1ec3bc9af0e321003d7115118b42848f973a0a30a6660ec1d4af203c8e,400,600,JPEG
train,ill,contagious_stray_dogs,/Users/saber/Desktop/PI DEV/integration-final/python/data/contagious_stray_dogs/5.jpg,/Users/saber/Desktop/PI DEV/integration-final/python/data/health_dataset/train/ill/5_c46da67b5bcd.jpg,train/ill/5_c46da67b5bcd.jpg,c46da67b5bcdb17c8b8730ea508c456f9ed1e0a7585df34fca8b4ea7435cbb9a,400,533,JPEG
train,ill,contagious_stray_dogs,/Users/saber/Desktop/PI DEV/integration-final/python/data/contagious_stray_dogs/61.jpg,/Users/saber/Desktop/PI DEV/integration-final/python/data/health_dataset/train/ill/61_d843a6fb81e6.jpg,train/ill/61_d843a6fb81e6.jpg,d843a6fb81e6f4d0fd579351c2b1584b19c1cc2ba6d8eaafc4789815b4d56d50,828,1792,JPEG
train,ill,contagious_stray_dogs,/Users/saber/Desktop/PI DEV/integration-final/python/data/contagious_stray_dogs/62.jpg,/Users/saber/Desktop/PI DEV/integration-final/python/data/health_dataset/train/ill/62_6812896d3112.jpg,train/ill/62_6812896d3112.jpg,6812896d31125a46c5415df04ca4bdec0ebdf25dfcd8a5158e373ce007c10cf0,1500,945,JPEG
train,ill,contagious_stray_dogs,/Users/saber/Desktop/PI DEV/integration-final/python/data/contagious_stray_dogs/66.jpg,/Users/saber/Desktop/PI DEV/integration-final/python/data/health_dataset/train/ill/66_7dce5cff45a0.jpg,train/ill/66_7dce5cff45a0.jpg,7dce5cff45a088316976701b0a1f261efa4f0777f74ee82372d3128935d3058b,1024,683,JPEG
train,ill,contagious_stray_dogs,/Users/saber/Desktop/PI DEV/integration-final/python/data/contagious_stray_dogs/67.jpg,/Users/saber/Desktop/PI DEV/integration-final/python/data/health_dataset/train/ill/67_1f382c4861d0.jpg,train/ill/67_1f382c4861d0.jpg,1f382c4861d058ec29a4e6892e65ffa6f6c2318e7eb5174c3d9bbf4d1f35c472,640,853,JPEG
train,ill,contagious_stray_dogs,/Users/saber/Desktop/PI DEV/integration-final/python/data/contagious_stray_dogs/6.jpg,/Users/saber/Desktop/PI DEV/integration-final/python/data/health_dataset/train/ill/6_fbda9f38292c.jpg,train/ill/6_fbda9f38292c.jpg,fbda9f38292ccf3564649bd7de5066b55153eaacb393c16bde625d237281fd6c,768,537,JPEG
train,ill,contagious_stray_dogs,/Users/saber/Desktop/PI DEV/integration-final/python/data/contagious_stray_dogs/71.jpg,/Users/saber/Desktop/PI DEV/integration-final/python/data/health_dataset/train/ill/71_6090e2839ae6.jpg,train/ill/71_6090e2839ae6.jpg,6090e2839ae6db555beffd7ab9f398b14168d617b918274b2b083fa2563a0453,700,500,JPEG
train,ill,contagious_stray_dogs,/Users/saber/Desktop/PI DEV/integration-final/python/data/contagious_stray_dogs/74.jpg,/Users/saber/Desktop/PI DEV/integration-final/python/data/health_dataset/train/ill/74_a1f96c7b58ac.jpg,train/ill/74_a1f96c7b58ac.jpg,a1f96c7b58ac26c5ac8ccda18f596e516f585b643e1d4d20a74f786de3606324,1500,1101,JPEG
train,ill,contagious_stray_dogs,/Users/saber/Desktop/PI DEV/integration-final/python/data/contagious_stray_dogs/77.jpg,/Users/saber/Desktop/PI DEV/integration-final/python/data/health_dataset/train/ill/77_8fa34ba7f9dd.jpg,train/ill/77_8fa34ba7f9dd.jpg,8fa34ba7f9dde1d966508ba954806212431b3838038ec788a06e2cde02492cb6,828,1792,JPEG
train,ill,contagious_stray_dogs,/Users/saber/Desktop/PI DEV/integration-final/python/data/contagious_stray_dogs/79.jpg,/Users/saber/Desktop/PI DEV/integration-final/python/data/health_dataset/train/ill/79_ce815d18bad9.jpg,train/ill/79_ce815d18bad9.jpg,ce815d18bad982e690ce4d6eb21b5339a53b8ccb4defba3cdace86dc925be74c,800,533,JPEG
train,ill,contagious_stray_dogs,/Users/saber/Desktop/PI DEV/integration-final/python/data/contagious_stray_dogs/7.jpg,/Users/saber/Desktop/PI DEV/integration-final/python/data/health_dataset/train/ill/7_24a73bf91756.jpg,train/ill/7_24a73bf91756.jpg,24a73bf917562ebb8cdc9f9d79f250b49e258081b1da9fa1fc638a51bc9bfe49,400,600,JPEG
train,ill,contagious_stray_dogs,/Users/saber/Desktop/PI DEV/integration-final/python/data/contagious_stray_dogs/81.jpg,/Users/saber/Desktop/PI DEV/integration-final/python/data/health_dataset/train/ill/81_01620e8f0cf4.jpg,train/ill/81_01620e8f0cf4.jpg,01620e8f0cf4b72b49d6844ce9e81cf5f9a9087b370fa012ea6e69f1fa6390ca,1476,583,JPEG
train,ill,contagious_stray_dogs,/Users/saber/Desktop/PI DEV/integration-final/python/data/contagious_stray_dogs/84.jpg,/Users/saber/Desktop/PI DEV/integration-final/python/data/health_dataset/train/ill/84_70cb002c0ecd.jpg,train/ill/84_70cb002c0ecd.jpg,70cb002c0ecdf741acf22d9f0232fc66876497dab3e7e1e74902704302d25f01,792,528,JPEG
train,ill,contagious_stray_dogs,/Users/saber/Desktop/PI DEV/integration-final/python/data/contagious_stray_dogs/85.jpg,/Users/saber/Desktop/PI DEV/integration-final/python/data/health_dataset/train/ill/85_433e666fe467.jpg,train/ill/85_433e666fe467.jpg,433e666fe46770b697ff3322bb4aaa01b0920f28fe535ca2659f7ea1ad5f4fad,480,270,JPEG
train,ill,contagious_stray_dogs,/Users/saber/Desktop/PI DEV/integration-final/python/data/contagious_stray_dogs/91.jpg,/Users/saber/Desktop/PI DEV/integration-final/python/data/health_dataset/train/ill/91_681ed74ec426.jpg,train/ill/91_681ed74ec426.jpg,681ed74ec426902fdf2dc6bc38da28991c2f308eb55fab26c09ab63fae15dc77,390,280,JPEG
train,ill,contagious_stray_dogs,/Users/saber/Desktop/PI DEV/integration-final/python/data/contagious_stray_dogs/93.jpg,/Users/saber/Desktop/PI DEV/integration-final/python/data/health_dataset/train/ill/93_0a34a99dd303.jpg,train/ill/93_0a34a99dd303.jpg,0a34a99dd303b9fc13179b321f2d304215caa9d42a5c660404f965cc1525c284,686,386,JPEG
train,ill,contagious_stray_dogs,/Users/saber/Desktop/PI DEV/integration-final/python/data/contagious_stray_dogs/94.jpg,/Users/saber/Desktop/PI DEV/integration-final/python/data/health_dataset/train/ill/94_862c9ff469e9.jpg,train/ill/94_862c9ff469e9.jpg,862c9ff469e939482bea56d22542afc0b2e59407b834f6da26cea7e08c6225f8,810,457,JPEG
train,ill,contagious_stray_dogs,/Users/saber/Desktop/PI DEV/integration-final/python/data/contagious_stray_dogs/95.jpg,/Users/saber/Desktop/PI DEV/integration-final/python/data/health_dataset/train/ill/95_7dc3be3bc90d.jpg,train/ill/95_7dc3be3bc90d.jpg,7dc3be3bc90d5918009aa4050f915f1ce27b6d9de5bac7f6c77969effd9a56a8,1000,667,JPEG
train,ill,contagious_stray_dogs,/Users/saber/Desktop/PI DEV/integration-final/python/data/contagious_stray_dogs/96.jpg,/Users/saber/Desktop/PI DEV/integration-final/python/data/health_dataset/train/ill/96_8d4b518a09c7.jpg,train/ill/96_8d4b518a09c7.jpg,8d4b518a09c79dfed43250f6f2d76db9ba8aa9ea89ab5ff8418dc1683bc41b8e,1300,956,JPEG
train,ill,contagious_stray_dogs,/Users/saber/Desktop/PI DEV/integration-final/python/data/contagious_stray_dogs/98.jpg,/Users/saber/Desktop/PI DEV/integration-final/python/data/health_dataset/train/ill/98_27c2a7e33bd6.jpg,train/ill/98_27c2a7e33bd6.jpg,27c2a7e33bd61363117ed35b35e8629ccbb949c9a8cf07010bfdb77631f7805f,600,887,JPEG
train,ill,contagious_stray_dogs,/Users/saber/Desktop/PI DEV/integration-final/python/data/contagious_stray_dogs/99.jpg,/Users/saber/Desktop/PI DEV/integration-final/python/data/health_dataset/train/ill/99_07703a978174.jpg,train/ill/99_07703a978174.jpg,07703a9781742b18880984c5b4604aca1bb87292087a71d975993d7b9decc0e1,1536,1154,JPEG
train,ill,contagious_stray_dogs,/Users/saber/Desktop/PI DEV/integration-final/python/data/contagious_stray_dogs/9.jpg,/Users/saber/Desktop/PI DEV/integration-final/python/data/health_dataset/train/ill/9_113f0bbdbb8b.jpg,train/ill/9_113f0bbdbb8b.jpg,113f0bbdbb8b778562a5185cbc3d59d63c97d49458bfb9db304fc88a088c645e,177,157,PNG
val,healthy,healthy_stray_dogs,/Users/saber/Desktop/PI DEV/integration-final/python/data/healthy_stray_dogs/105.jpg,/Users/saber/Desktop/PI DEV/integration-final/python/data/health_dataset/val/healthy/105_622521b3d918.jpg,val/healthy/105_622521b3d918.jpg,622521b3d918f7cc506b54b8f616d0f541613ae12d332c4c05299721863a7f34,300,300,JPEG
val,healthy,healthy_stray_dogs,/Users/saber/Desktop/PI DEV/integration-final/python/data/healthy_stray_dogs/113.jpg,/Users/saber/Desktop/PI DEV/integration-final/python/data/health_dataset/val/healthy/113_1b2403f4b7c9.jpg,val/healthy/113_1b2403f4b7c9.jpg,1b2403f4b7c923d0f93e1f743e43321937371bada88bc0f0a2cdaf38287cf9d0,1200,628,JPEG
val,healthy,healthy_stray_dogs,/Users/saber/Desktop/PI DEV/integration-final/python/data/healthy_stray_dogs/114.jpg,/Users/saber/Desktop/PI DEV/integration-final/python/data/health_dataset/val/healthy/114_4fc5e10f1e3f.jpg,val/healthy/114_4fc5e10f1e3f.jpg,4fc5e10f1e3f6dcbfbe3a83b27ae15988b14f591457a29c076ad1748f36008b1,1200,628,JPEG
val,healthy,healthy_stray_dogs,/Users/saber/Desktop/PI DEV/integration-final/python/data/healthy_stray_dogs/117.jpg,/Users/saber/Desktop/PI DEV/integration-final/python/data/health_dataset/val/healthy/117_f6c4b2f24f34.jpg,val/healthy/117_f6c4b2f24f34.jpg,f6c4b2f24f342a8cade13e3dd4898de40a89c270947fd412fb53da7dcab6ab1f,480,318,JPEG
val,healthy,healthy_stray_dogs,/Users/saber/Desktop/PI DEV/integration-final/python/data/healthy_stray_dogs/120.jpg,/Users/saber/Desktop/PI DEV/integration-final/python/data/health_dataset/val/healthy/120_6e06160d1107.jpg,val/healthy/120_6e06160d1107.jpg,6e06160d1107bb5504a5b1488c679154e949263f0d03a2ca08ee7292c7c197e9,640,425,JPEG
val,healthy,healthy_stray_dogs,/Users/saber/Desktop/PI DEV/integration-final/python/data/healthy_stray_dogs/125.jpg,/Users/saber/Desktop/PI DEV/integration-final/python/data/health_dataset/val/healthy/125_7dd2c21c8c70.jpg,val/healthy/125_7dd2c21c8c70.jpg,7dd2c21c8c70b92385aa798998360607b6e090d57b6963fc72dde69526e40db0,1920,1280,JPEG
val,healthy,healthy_stray_dogs,/Users/saber/Desktop/PI DEV/integration-final/python/data/healthy_stray_dogs/135.jpg,/Users/saber/Desktop/PI DEV/integration-final/python/data/health_dataset/val/healthy/135_3154152b81be.jpg,val/healthy/135_3154152b81be.jpg,3154152b81becd5a15ccb38ece304e5d662dbec1c95add8cf1478370ba808bbb,989,493,PNG
val,healthy,healthy_stray_dogs,/Users/saber/Desktop/PI DEV/integration-final/python/data/healthy_stray_dogs/146.jpg,/Users/saber/Desktop/PI DEV/integration-final/python/data/health_dataset/val/healthy/146_e4a7ef859581.jpg,val/healthy/146_e4a7ef859581.jpg,e4a7ef8595811ca5e9904ac0963595efeabf7909bf0d05db4db8b15e92829f3b,868,568,JPEG
val,healthy,healthy_stray_dogs,/Users/saber/Desktop/PI DEV/integration-final/python/data/healthy_stray_dogs/157.jpg,/Users/saber/Desktop/PI DEV/integration-final/python/data/health_dataset/val/healthy/157_8a67872d79b8.jpg,val/healthy/157_8a67872d79b8.jpg,8a67872d79b8f16a785e7e26afaafd6252cae63a58fc4e8c70f72564029d0e02,925,925,PNG
val,healthy,healthy_stray_dogs,/Users/saber/Desktop/PI DEV/integration-final/python/data/healthy_stray_dogs/158.jpg,/Users/saber/Desktop/PI DEV/integration-final/python/data/health_dataset/val/healthy/158_36a0310f31bb.jpg,val/healthy/158_36a0310f31bb.jpg,36a0310f31bbae89b307181e9654d3d33c5f28b23e30e87e90eb4567e1ef9a55,800,500,JPEG
val,healthy,healthy_stray_dogs,/Users/saber/Desktop/PI DEV/integration-final/python/data/healthy_stray_dogs/159.jpg,/Users/saber/Desktop/PI DEV/integration-final/python/data/health_dataset/val/healthy/159_6e7412a1f321.jpg,val/healthy/159_6e7412a1f321.jpg,6e7412a1f3211641a36498960eeb091e69e2dc4d7d7e3029fb37e8934078416b,1366,2048,JPEG
val,healthy,healthy_stray_dogs,/Users/saber/Desktop/PI DEV/integration-final/python/data/healthy_stray_dogs/162.jpg,/Users/saber/Desktop/PI DEV/integration-final/python/data/health_dataset/val/healthy/162_15cb62842204.jpg,val/healthy/162_15cb62842204.jpg,15cb6284220463f2957e4bc6de3d462713e85679200c7c33321d8553820d6336,3024,4032,JPEG
val,healthy,healthy_stray_dogs,/Users/saber/Desktop/PI DEV/integration-final/python/data/healthy_stray_dogs/171.jpg,/Users/saber/Desktop/PI DEV/integration-final/python/data/health_dataset/val/healthy/171_f7cb723a5b34.jpg,val/healthy/171_f7cb723a5b34.jpg,f7cb723a5b3467204ed6b674c754e9d87636417c510ad3c106eca91c772618eb,3234,2576,JPEG
val,healthy,healthy_stray_dogs,/Users/saber/Desktop/PI DEV/integration-final/python/data/healthy_stray_dogs/184.jpg,/Users/saber/Desktop/PI DEV/integration-final/python/data/health_dataset/val/healthy/184_b926890e141b.jpg,val/healthy/184_b926890e141b.jpg,b926890e141b70daa18876ff31ea21c5644820c47a663f48e7dd25a9d9f88b17,2500,1667,WEBP
val,healthy,healthy_stray_dogs,/Users/saber/Desktop/PI DEV/integration-final/python/data/healthy_stray_dogs/193.jpg,/Users/saber/Desktop/PI DEV/integration-final/python/data/health_dataset/val/healthy/193_a22dd6951b1a.jpg,val/healthy/193_a22dd6951b1a.jpg,a22dd6951b1acbb294537ae3cafa776f7d0147990b3a21042f70a8ab9792a214,1024,569,JPEG
val,healthy,healthy_stray_dogs,/Users/saber/Desktop/PI DEV/integration-final/python/data/healthy_stray_dogs/25.jpg,/Users/saber/Desktop/PI DEV/integration-final/python/data/health_dataset/val/healthy/25_6ff4dc384c2f.jpg,val/healthy/25_6ff4dc384c2f.jpg,6ff4dc384c2f3207b8e26535bad3074f658bb8b4a236a95d7554f0a6b493f6cc,800,533,JPEG
val,healthy,healthy_stray_dogs,/Users/saber/Desktop/PI DEV/integration-final/python/data/healthy_stray_dogs/32.jpg,/Users/saber/Desktop/PI DEV/integration-final/python/data/health_dataset/val/healthy/32_05eb525de5cf.jpg,val/healthy/32_05eb525de5cf.jpg,05eb525de5cfa660be30f43ef192cccaee7857ec77f2a8c688d49f8184c05a1a,440,586,JPEG
val,healthy,healthy_stray_dogs,/Users/saber/Desktop/PI DEV/integration-final/python/data/healthy_stray_dogs/37.jpg,/Users/saber/Desktop/PI DEV/integration-final/python/data/health_dataset/val/healthy/37_5baa18b55fa2.jpg,val/healthy/37_5baa18b55fa2.jpg,5baa18b55fa2e4120c28a588eefda8df430682457f17e01d507469a9754567cd,1024,569,WEBP
val,healthy,healthy_stray_dogs,/Users/saber/Desktop/PI DEV/integration-final/python/data/healthy_stray_dogs/42.jpg,/Users/saber/Desktop/PI DEV/integration-final/python/data/health_dataset/val/healthy/42_74b4e4c76197.jpg,val/healthy/42_74b4e4c76197.jpg,74b4e4c76197532f761e277478c35798b2fad5b238cccab85be15f188d74c34c,1200,800,JPEG
val,healthy,healthy_stray_dogs,/Users/saber/Desktop/PI DEV/integration-final/python/data/healthy_stray_dogs/65.jpg,/Users/saber/Desktop/PI DEV/integration-final/python/data/health_dataset/val/healthy/65_6d4566f881b7.jpg,val/healthy/65_6d4566f881b7.jpg,6d4566f881b7457a3d55ea0b5fc339db2075e7e426b4071042ad00b4c6ee953f,750,500,JPEG
val,healthy,healthy_stray_dogs,/Users/saber/Desktop/PI DEV/integration-final/python/data/healthy_stray_dogs/78.jpg,/Users/saber/Desktop/PI DEV/integration-final/python/data/health_dataset/val/healthy/78_bd624501f0a6.jpg,val/healthy/78_bd624501f0a6.jpg,bd624501f0a68cb5c4bfec028fd4caa8cf73231308849097749a5529f638f1d9,1366,768,PNG
val,healthy,healthy_stray_dogs,/Users/saber/Desktop/PI DEV/integration-final/python/data/healthy_stray_dogs/84.jpg,/Users/saber/Desktop/PI DEV/integration-final/python/data/health_dataset/val/healthy/84_d68bd20c71f2.jpg,val/healthy/84_d68bd20c71f2.jpg,d68bd20c71f2d8069bd65dfcdeb0784cf716bff4b2594e3997b058b60afb1a9c,3000,2000,PNG
val,healthy,healthy_stray_dogs,/Users/saber/Desktop/PI DEV/integration-final/python/data/healthy_stray_dogs/9.jpg,/Users/saber/Desktop/PI DEV/integration-final/python/data/health_dataset/val/healthy/9_4ffdd7e9b863.jpg,val/healthy/9_4ffdd7e9b863.jpg,4ffdd7e9b863c71385631ccd42d4a648d258c0a2806021082cefc7a08f76ac01,800,800,JPEG
val,ill,contagious_stray_dogs,/Users/saber/Desktop/PI DEV/integration-final/python/data/contagious_stray_dogs/105.jpg,/Users/saber/Desktop/PI DEV/integration-final/python/data/health_dataset/val/ill/105_3ac57a3168ff.jpg,val/ill/105_3ac57a3168ff.jpg,3ac57a3168ff7bd25e90265fca9cfe900b358b9c726ef90b77385af5c8f10802,1977,1260,PNG
val,ill,contagious_stray_dogs,/Users/saber/Desktop/PI DEV/integration-final/python/data/contagious_stray_dogs/106.jpg,/Users/saber/Desktop/PI DEV/integration-final/python/data/health_dataset/val/ill/106_a2eb2360a5e3.jpg,val/ill/106_a2eb2360a5e3.jpg,a2eb2360a5e3ec0b23904b91bb5ec79d0ada51f3211bb9354bb11a648f7e16d5,1024,1024,WEBP
val,ill,contagious_stray_dogs,/Users/saber/Desktop/PI DEV/integration-final/python/data/contagious_stray_dogs/109.jpg,/Users/saber/Desktop/PI DEV/integration-final/python/data/health_dataset/val/ill/109_42b2aa6108b9.jpg,val/ill/109_42b2aa6108b9.jpg,42b2aa6108b97b1822c89e3e5b06209576983dab976a7627b5ae81ee20319e9f,900,480,WEBP
val,ill,contagious_stray_dogs,/Users/saber/Desktop/PI DEV/integration-final/python/data/contagious_stray_dogs/117.jpg,/Users/saber/Desktop/PI DEV/integration-final/python/data/health_dataset/val/ill/117_66cbb57f20bf.jpg,val/ill/117_66cbb57f20bf.jpg,66cbb57f20bf2cad796a61953b74f3fca53b948660e5fdaa7c616c441e5ed558,624,351,JPEG
val,ill,contagious_stray_dogs,/Users/saber/Desktop/PI DEV/integration-final/python/data/contagious_stray_dogs/122.jpg,/Users/saber/Desktop/PI DEV/integration-final/python/data/health_dataset/val/ill/122_ddc9646f4ed3.jpg,val/ill/122_ddc9646f4ed3.jpg,ddc9646f4ed3e12249c4463328a777f08045945d36f3cbd612846635b5be2bc4,460,345,JPEG
val,ill,contagious_stray_dogs,/Users/saber/Desktop/PI DEV/integration-final/python/data/contagious_stray_dogs/131.jpg,/Users/saber/Desktop/PI DEV/integration-final/python/data/health_dataset/val/ill/131_9c2a64d3ff47.jpg,val/ill/131_9c2a64d3ff47.jpg,9c2a64d3ff477f189162f5bb05a86256c0ffb189861b83c01eab8d712bc00373,638,912,JPEG
val,ill,contagious_stray_dogs,/Users/saber/Desktop/PI DEV/integration-final/python/data/contagious_stray_dogs/135.jpg,/Users/saber/Desktop/PI DEV/integration-final/python/data/health_dataset/val/ill/135_fcc727a7bb18.jpg,val/ill/135_fcc727a7bb18.jpg,fcc727a7bb18907ab3b8eed96d4c9025cc2b6a4faa1b90470c0d120756921e6e,400,363,JPEG
val,ill,contagious_stray_dogs,/Users/saber/Desktop/PI DEV/integration-final/python/data/contagious_stray_dogs/173.jpg,/Users/saber/Desktop/PI DEV/integration-final/python/data/health_dataset/val/ill/173_a249a468f5a2.jpg,val/ill/173_a249a468f5a2.jpg,a249a468f5a23fcf1823901d912b754c2e64c71a4ec5ac6337d683e473baef7f,1728,1000,JPEG
val,ill,contagious_stray_dogs,/Users/saber/Desktop/PI DEV/integration-final/python/data/contagious_stray_dogs/176.jpg,/Users/saber/Desktop/PI DEV/integration-final/python/data/health_dataset/val/ill/176_6e5395516f87.jpg,val/ill/176_6e5395516f87.jpg,6e5395516f872c97748d06a69f9293d8f3f1494c186d6b7d5c649bd0d3b989a2,712,400,WEBP
val,ill,contagious_stray_dogs,/Users/saber/Desktop/PI DEV/integration-final/python/data/contagious_stray_dogs/185.jpg,/Users/saber/Desktop/PI DEV/integration-final/python/data/health_dataset/val/ill/185_40c5470fa770.jpg,val/ill/185_40c5470fa770.jpg,40c5470fa770672ee89d443e70680010af3682437673ff3a5917a8003ec0ad86,850,350,JPEG
val,ill,contagious_stray_dogs,/Users/saber/Desktop/PI DEV/integration-final/python/data/contagious_stray_dogs/187.jpg,/Users/saber/Desktop/PI DEV/integration-final/python/data/health_dataset/val/ill/187_4042b003f77d.jpg,val/ill/187_4042b003f77d.jpg,4042b003f77d226947290e56f8a7085ac22b71aedb978223e82977b8fb0bff8f,730,548,GIF
val,ill,contagious_stray_dogs,/Users/saber/Desktop/PI DEV/integration-final/python/data/contagious_stray_dogs/189.jpg,/Users/saber/Desktop/PI DEV/integration-final/python/data/health_dataset/val/ill/189_d62b74500116.jpg,val/ill/189_d62b74500116.jpg,d62b74500116a2361474212e06924d205a5949f3e0b7334762b59c5a93358d5b,800,533,JPEG
val,ill,contagious_stray_dogs,/Users/saber/Desktop/PI DEV/integration-final/python/data/contagious_stray_dogs/24.jpg,/Users/saber/Desktop/PI DEV/integration-final/python/data/health_dataset/val/ill/24_c25d0979c1aa.jpg,val/ill/24_c25d0979c1aa.jpg,c25d0979c1aa7822eb4d3c4ed8e13c27486a05c4b9f5215d594b527d01d2553d,1024,683,JPEG
val,ill,contagious_stray_dogs,/Users/saber/Desktop/PI DEV/integration-final/python/data/contagious_stray_dogs/35.jpg,/Users/saber/Desktop/PI DEV/integration-final/python/data/health_dataset/val/ill/35_72603c0cc3ad.jpg,val/ill/35_72603c0cc3ad.jpg,72603c0cc3ad365157dc7c5ea2dc888b2517c5df0df96ab83fa357e092628cfe,800,450,JPEG
val,ill,contagious_stray_dogs,/Users/saber/Desktop/PI DEV/integration-final/python/data/contagious_stray_dogs/43.jpg,/Users/saber/Desktop/PI DEV/integration-final/python/data/health_dataset/val/ill/43_1ce3df7d4061.jpg,val/ill/43_1ce3df7d4061.jpg,1ce3df7d40617c9351f0486b182fe4fb5f488abfd98ccc5abc334545d87da952,1300,956,JPEG
val,ill,contagious_stray_dogs,/Users/saber/Desktop/PI DEV/integration-final/python/data/contagious_stray_dogs/47.jpg,/Users/saber/Desktop/PI DEV/integration-final/python/data/health_dataset/val/ill/47_70f522fb0ede.jpg,val/ill/47_70f522fb0ede.jpg,70f522fb0ede7a524c615f05f389755d6013818036704357676c60968e1894fd,347,280,JPEG
val,ill,contagious_stray_dogs,/Users/saber/Desktop/PI DEV/integration-final/python/data/contagious_stray_dogs/54.jpg,/Users/saber/Desktop/PI DEV/integration-final/python/data/health_dataset/val/ill/54_cf9aa7b50394.jpg,val/ill/54_cf9aa7b50394.jpg,cf9aa7b503944052e37c998478b3b741efad260d315e41bdf8dbb76d01f73072,792,457,JPEG
val,ill,contagious_stray_dogs,/Users/saber/Desktop/PI DEV/integration-final/python/data/contagious_stray_dogs/60.jpg,/Users/saber/Desktop/PI DEV/integration-final/python/data/health_dataset/val/ill/60_eae5f01f4b23.jpg,val/ill/60_eae5f01f4b23.jpg,eae5f01f4b23b2f0eba4ec9a34fda2950fa7dcb208e8d9d13138dce0aca2eb48,480,270,JPEG
val,ill,contagious_stray_dogs,/Users/saber/Desktop/PI DEV/integration-final/python/data/contagious_stray_dogs/64.jpg,/Users/saber/Desktop/PI DEV/integration-final/python/data/health_dataset/val/ill/64_10b2949f34b2.jpg,val/ill/64_10b2949f34b2.jpg,10b2949f34b29c2a2d74afb5f12a482150e3b553d0b0de4c42f4663b708988cd,734,959,JPEG
val,ill,contagious_stray_dogs,/Users/saber/Desktop/PI DEV/integration-final/python/data/contagious_stray_dogs/82.jpg,/Users/saber/Desktop/PI DEV/integration-final/python/data/health_dataset/val/ill/82_cb723c7650b1.jpg,val/ill/82_cb723c7650b1.jpg,cb723c7650b1c457f014ba5b025d6cf36eb7aeb4a79104c694393149bae032b3,1300,954,JPEG
val,ill,contagious_stray_dogs,/Users/saber/Desktop/PI DEV/integration-final/python/data/contagious_stray_dogs/8.jpg,/Users/saber/Desktop/PI DEV/integration-final/python/data/health_dataset/val/ill/8_12c4cbd3621d.jpg,val/ill/8_12c4cbd3621d.jpg,12c4cbd3621d529888b90d259ed6bbccc9d88fbec3aefb56467e3cb7cb5aaebf,1280,720,JPEG
